Date,MSKU,Fulfillment Center,Panel,SKU
02/01/2025,CSTE_0545_ST_Animal_Breathing_Dog_B_2,TLCQ,Amazon,
02/01/2025,Breathing_Lilo_Stich_Blue,TLCQ,Amazon,
02/01/2025,Storage_Box_white_2,TLCQ,Amazon,
02/01/2025,Storage_Box_white_4,TLCQ,Amazon,
02/01/2025,CSTE_O0446_OT_Glue_Sand_Rubber_Pig,TLCQ,Amazon,
02/01/2025,CSTE_0541_ST_Animal_Breathing_Fox,TLCQ,Amazon,
02/01/2025,CSTE_O0442_OT_Squeeze_White,TLCQ,Amazon,
02/01/2025,CSTE_O0443_OT_Squeeze_Yellow,TLCQ,Amazon,
02/01/2025,CSTE_O0443_OT_Squeeze_Yellow,TLCQ,Amazon,
02/01/2025,CSTE_O0444_OT_Squeeze_Purple,TLCQ,Amazon,
02/01/2025,CSTE_0226_SG_Square/Big_Black,TLCQ,Amazon,
02/01/2025,Breathing_Otter_Blue,TLCQ,Amazon,
02/01/2025,Breathing_Otter_Blue,TLCQ,Amazon,
02/01/2025,CSTE_0536_ST_Animal_Breathing_lamb_White,TLCQ,Amazon,
02/01/2025,CSTE_0502_ST_Minecraft_Pickaxe_Foam,TLCQ,Amazon,
02/01/2025,CSTE_0502_ST_Minecraft_Pickaxe_Foam,TLCQ,Amazon,
02/01/2025,CSTE_0491_ST_Fruit_Blox_Spirit,TLCQ,Amazon,
02/01/2025,CSTE_0490_ST_Fruit_Blox_Shadow,TLCQ,Amazon,
02/01/2025,Hermoine_light_SG,BOM7,Amazon,
02/01/2025,CSTE_0488_ST_Anim_Breathing_Stitch_Blue,TLCQ,Amazon,
02/01/2025,CSTE_0488_ST_Anim_Breathing_Stitch_Blue,TLCQ,Amazon,
02/01/2025,minecraft_Sward_Small,TLCQ,Amazon,
02/01/2025,minecraft_Sward_Small,TLCQ,Amazon,
02/01/2025,minecraft_Sward_Small,TLCQ,Amazon,
02/01/2025,minecraft_Sward_Small,TLCQ,Amazon,
02/01/2025,minecraft_Sward_Small,TLCQ,Amazon,
02/01/2025,minecraft_Sward_Small,TLCQ,Amazon,
02/01/2025,minecraft_Sward_Small,TLCQ,Amazon,
02/01/2025,minecraft_Sward_Big,TLCQ,Amazon,
02/01/2025,minecraft_Sward_Big,TLCQ,Amazon,
02/01/2025,minecraft_Sward_Big,TLCQ,Amazon,
02/01/2025,minecraft_Sward_Big,TLCQ,Amazon,
02/01/2025,hello kitty,TLCQ,Amazon,
02/01/2025,Minecraft_Steve,TLCQ,Amazon,
02/01/2025,Minecraft_Ghast,TLCQ,Amazon,
02/01/2025,Minecraft_creeper,TLCQ,Amazon,
02/01/2025,CSTE_0353_Wands_DumbleD_light_MB,BLR8,Amazon,
02/01/2025,CSTE_0330_Wands_Harrypotter_Light,TLCQ,Amazon,
02/01/2025,CSTE_0332_Wands_Lord Voldmort_Light,TLCQ,Amazon,
02/01/2025,CSTE_0332_Wands_Lord Voldmort_Light,TLCQ,Amazon,
02/01/2025,CSTE_0333_Wands_Dumbledore_Light,TLCQ,Amazon,
02/01/2025,CSTE_0333_Wands_Dumbledore_Light,TLCQ,Amazon,
02/01/2025,CSTE_0333_Wands_Dumbledore_Light,TLCQ,Amazon,
02/01/2025,CSTE_0355_Wands_HP_light_Sg,TLCQ,Amazon,
02/01/2025,CSTE_0355_Wands_HP_light_Sg,CCX1,Amazon,
02/01/2025,CSTE_0358_Wands_Dumbledore_light_Sg,TLCQ,Amazon,
02/01/2025,You are my sunshine,PNQ2,Amazon,
02/01/2025,Black Harry potter,TLCQ,Amazon,
02/01/2025,Black Harry potter,TLCQ,Amazon,
02/01/2025,CSTE_0293_OT_Voldemort_wand,TLCQ,Amazon,
02/01/2025,CSTE_0291_OT_Hermoine_wand,TLCQ,Amazon,
02/01/2025,CSTE_0291_OT_Hermoine_wand,CCX1,Amazon,
02/01/2025,CSTE_0291_OT_Hermoine_wand,CCX1,Amazon,
02/01/2025,CSTE_0295_OT_Snape_wand,CCX1,Amazon,
02/01/2025,CSTE_0343_Wands_Lord Voldmort_Sunglasas,TLCQ,Amazon,
02/01/2025,FUSKED-TLSG,CCX1,Amazon,
02/01/2025,FUSKED-TLSG,BLR8,Amazon,
02/01/2025,MB_Titanic_Brown_fba,BLR8,Amazon,
02/01/2025,ST-Chimmy bts-yellow,BOM7,Amazon,
01/31/2025,Breathing_Grey_Otter,TLCQ,Amazon,
01/31/2025,Breathing_Messenger_Cat_Pink,TLCQ,Amazon,
01/31/2025,Breathing_Lilo_Stich_Blue,TLCQ,Amazon,
01/31/2025,CSTE_O0446_OT_Glue_Sand_Rubber_Pig,TLCQ,Amazon,
01/31/2025,CSTE_0541_ST_Animal_Breathing_Fox,TLCQ,Amazon,
01/31/2025,CSTE_O0444_OT_Squeeze_Purple,TLCQ,Amazon,
01/31/2025,Lama_Ghast_Combo,TLCQ,Amazon,
01/31/2025,Lama_Creeper_Combo,TLCQ,Amazon,
01/31/2025,Breathing_Otter_Blue,TLCQ,Amazon,
01/31/2025,Breathing_Otter_Pink_1,TLCQ,Amazon,
01/31/2025,Compression_Sky_Blue,BLR8,Amazon,
01/31/2025,Breathing_Otter_D_Brown,TLCQ,Amazon,
01/31/2025,Breathing_Otter_D_Brown,TLCQ,Amazon,
01/31/2025,Breathing_Otter_D_Brown,TLCQ,Amazon,
01/31/2025,Breathing_Otter_D_Brown,TLCQ,Amazon,
01/31/2025,Minecraft_Small_Sword_Steve,TLCQ,Amazon,
01/31/2025,CSTE_0502_ST_Minecraft_Pickaxe_Foam,TLCQ,Amazon,
01/31/2025,CSTE_0502_ST_Minecraft_Pickaxe_Foam,TLCQ,Amazon,
01/31/2025,CSTE_0502_ST_Minecraft_Pickaxe_Foam,TLCQ,Amazon,
01/31/2025,CSTE_0491_ST_Fruit_Blox_Spirit,TLCQ,Amazon,
01/31/2025,CSTE_0491_ST_Fruit_Blox_Spirit,TLCQ,Amazon,
01/31/2025,CSTE_0490_ST_Fruit_Blox_Shadow,TLCQ,Amazon,
01/31/2025,CSTE_0490_ST_Fruit_Blox_Shadow,TLCQ,Amazon,
01/31/2025,CSTE_0490_ST_Fruit_Blox_Shadow,TLCQ,Amazon,
01/31/2025,CSTE_0490_ST_Fruit_Blox_Shadow,TLCQ,Amazon,
01/31/2025,CSTE_0490_ST_Fruit_Blox_Shadow,TLCQ,Amazon,
01/31/2025,CSTE_0480_ST_Minecraft_TNT_Block,TLCQ,Amazon,
01/31/2025,CSTE_0485_ST_Animal_Kawaii_Penguin,TLCQ,Amazon,
01/31/2025,CSTE_0477_ST_Minecraft_Spider_Blue,TLCQ,Amazon,
01/31/2025,CSTE_0478_ST_Minecraft_Cow_Brown,TLCQ,Amazon,
01/31/2025,CSTE_0488_ST_Anim_Breathing_Stitch_Blue,TLCQ,Amazon,
01/31/2025,CSTE_0488_ST_Anim_Breathing_Stitch_Blue,TLCQ,Amazon,
01/31/2025,CSTE_0488_ST_Anim_Breathing_Stitch_Blue,TLCQ,Amazon,
01/31/2025,CSTE_0488_ST_Anim_Breathing_Stitch_Blue,TLCQ,Amazon,
01/31/2025,CSTE_0488_ST_Anim_Breathing_Stitch_Blue,TLCQ,Amazon,
01/31/2025,CSTE_0488_ST_Anim_Breathing_Stitch_Blue,TLCQ,Amazon,
01/31/2025,minecraft_Sward_Small,TLCQ,Amazon,
01/31/2025,minecraft_Sward_Small,TLCQ,Amazon,
01/31/2025,minecraft_Sward_Small,TLCQ,Amazon,
01/31/2025,minecraft_Sward_Small,TLCQ,Amazon,
01/31/2025,minecraft_Sward_Small,TLCQ,Amazon,
01/31/2025,minecraft_Sward_Small,TLCQ,Amazon,
01/31/2025,minecraft_Sward_Small,TLCQ,Amazon,
01/31/2025,minecraft_Sward_Small,TLCQ,Amazon,
01/31/2025,minecraft_Sward_Small,TLCQ,Amazon,
01/31/2025,Stitch soft toy,TLCQ,Amazon,
01/31/2025,minecraft_Sward_Big,TLCQ,Amazon,
01/31/2025,minecraft_Sward_Big,TLCQ,Amazon,
01/31/2025,minecraft_Sward_Big,TLCQ,Amazon,
01/31/2025,minecraft_Sward_Big,TLCQ,Amazon,
01/31/2025,hello kitty,TLCQ,Amazon,
01/31/2025,CSTE_0433_ST_Pokemon_Charmander_Red,TLCQ,Amazon,
01/31/2025,Caaju_Compression_Travelkit_Blue,TLCQ,Amazon,
01/31/2025,CSTE_0353_Wands_DumbleD_light_MB,BLR8,Amazon,
01/31/2025,CSTE_0330_Wands_Harrypotter_Light,TLCQ,Amazon,
01/31/2025,CSTE_0330_Wands_Harrypotter_Light,TLCQ,Amazon,
01/31/2025,CSTE_0350_Wands_Hp_light_MB,CCX1,Amazon,
01/31/2025,CSTE_0332_Wands_Lord Voldmort_Light,BLR8,Amazon,
01/31/2025,Money Heist 1,TLCQ,Amazon,
01/31/2025,CSTE_0322_ST_Axolotl_Blue,BOM7,Amazon,
01/31/2025,CSTE_0306_MB_Sabrina_8Notes_Brown,TLCQ,Amazon,
01/31/2025,CSTE_0291_OT_Hermoine_wand,TLCQ,Amazon,
01/31/2025,CSTE_0291_OT_Hermoine_wand,CCX1,Amazon,
01/31/2025,CSTE_0295_OT_Snape_wand,TLCQ,Amazon,
01/31/2025,CSTE_0295_OT_Snape_wand,TLCQ,Amazon,
01/31/2025,FUSKED-TLSG,PNQ2,Amazon,
01/31/2025,FUSKED-TLSG,PNQ2,Amazon,
01/31/2025,SG-fireglass-mercury-green-FBA,TLCQ,Amazon,
01/31/2025,greenbutterful_glasses_fba,TLCQ,Amazon,
01/31/2025,greenbutterful_glasses_fba,TLCQ,Amazon,
01/31/2025,greenbutterful_glasses_fba,TLCQ,Amazon,
01/31/2025,fire-glass_yellowfba,TLCQ,Amazon,
01/31/2025,thugsunglass,TLCQ,Amazon,
01/31/2025,cj-ciao-black,TLCQ,Amazon,
01/31/2025,CTLG-02,TLCQ,Amazon,
01/30/2025,Breathing_Grey_Otter,TLCQ,Amazon,
01/30/2025,Breathing_Lilo_Stich_Blue,TLCQ,Amazon,
01/30/2025,Breathing_Lilo_Stich_Blue,TLCQ,Amazon,
01/30/2025,Breathing_Lilo_Stich_Blue,TLCQ,Amazon,
01/30/2025,Breathing_Lilo_Stich_Blue,TLCQ,Amazon,
01/30/2025,Haary_Round_SG,TLCQ,Amazon,
01/30/2025,Haary_Round_SG,TLCQ,Amazon,
01/30/2025,Breathing_Otter_D_Brown,TLCQ,Amazon,
01/30/2025,CSTE_0490_ST_Fruit_Blox_Shadow,TLCQ,Amazon,
01/30/2025,CSTE_0489_ST_Fruit_Blox_Light,TLCQ,Amazon,
01/30/2025,CSTE_0489_ST_Fruit_Blox_Light,TLCQ,Amazon,
01/30/2025,CSTE_0489_ST_Fruit_Blox_Light,TLCQ,Amazon,
01/30/2025,CSTE_0482_ST_Animal_Kitty_Kuromi_Black,TLCQ,Amazon,
01/30/2025,Hermoine_light_SG,TLCQ,Amazon,
01/30/2025,Hermoine_light_SG,TLCQ,Amazon,
01/30/2025,minecraft_Sward_Small,TLCQ,Amazon,
01/30/2025,minecraft_Sward_Small,TLCQ,Amazon,
01/30/2025,minecraft_Sward_Small,TLCQ,Amazon,
01/30/2025,minecraft_Sward_Small,TLCQ,Amazon,
01/30/2025,minecraft_Sward_Small,TLCQ,Amazon,
01/30/2025,minecraft_Sward_Small,TLCQ,Amazon,
01/30/2025,minecraft_Sward_Big,TLCQ,Amazon,
01/30/2025,minecraft_Sward_Big,TLCQ,Amazon,
01/30/2025,minecraft_Sward_Big,TLCQ,Amazon,
01/30/2025,hello kitty,TLCQ,Amazon,
01/30/2025,zombie_creeper,TLCQ,Amazon,
01/30/2025,Minecraft_Steve,TLCQ,Amazon,
01/30/2025,CSTE_O0395_OT_SG_Case_BunnyPink,TLCQ,Amazon,
01/30/2025,CJ_Travel_Org_Kit_Grey,TLCQ,Amazon,
01/30/2025,CJ_Travel_Org_Kit_Grey,TLCQ,Amazon,
01/30/2025,Reversible_Yodaa,TLCQ,Amazon,
01/30/2025,CSTE_0330_Wands_Harrypotter_Light,TLCQ,Amazon,
01/30/2025,CSTE_0332_Wands_Lord Voldmort_Light,BLR8,Amazon,
01/30/2025,CSTE_0333_Wands_Dumbledore_Light,TLCQ,Amazon,
01/30/2025,CSTE_0333_Wands_Dumbledore_Light,TLCQ,Amazon,
01/30/2025,CSTE_0358_Wands_Dumbledore_light_Sg,TLCQ,Amazon,
01/30/2025,HPB1,TLCQ,Amazon,
01/30/2025,CSTE_0251_SG_ButterFly_LightgreenPink,TLCQ,Amazon,
01/30/2025,CSTE_0322_ST_Axolotl_Blue,BOM7,Amazon,
01/30/2025,CSTE_0291_OT_Hermoine_wand,TLCQ,Amazon,
01/30/2025,CSTE_0291_OT_Hermoine_wand,TLCQ,Amazon,
01/30/2025,CSTE_0295_OT_Snape_wand,TLCQ,Amazon,
01/30/2025,CSTE_0343_Wands_Lord Voldmort_Sunglasas,TLCQ,Amazon,
01/30/2025,MB_Titanic_Brown_fba,BLR8,Amazon,
01/30/2025,cj-ciao-black,TLCQ,Amazon,
01/29/2025,Breathing_Grey_Otter,TLCQ,Amazon,
01/29/2025,Breathing_Lilo_Stich_Blue,TLCQ,Amazon,
01/29/2025,Breathing_Lilo_Stich_Blue,TLCQ,Amazon,
01/29/2025,Breathing_Lilo_Stich_Blue,TLCQ,Amazon,
01/29/2025,Breathing_Lilo_Stich_Blue,TLCQ,Amazon,
01/29/2025,Breathing_Lilo_Stich_Blue,TLCQ,Amazon,
01/29/2025,CSTE_0544_ST_Animal_Breathing_Sloth_Grey,TLCQ,Amazon,
01/29/2025,Haary_Round_SG,TLCQ,Amazon,
01/29/2025,Haary_Round_SG,TLCQ,Amazon,
01/29/2025,Compression_Kit_Blk,TLCQ,Amazon,
01/29/2025,Breathing_Otter_D_Brown,TLCQ,Amazon,
01/29/2025,CSTE_0490_ST_Fruit_Blox_Shadow,TLCQ,Amazon,
01/29/2025,CSTE_0489_ST_Fruit_Blox_Light,TLCQ,Amazon,
01/29/2025,CSTE_0482_ST_Animal_Kitty_Kuromi_Black,TLCQ,Amazon,
01/29/2025,AZ-2LJY-FLVA,TLCQ,Amazon,
01/29/2025,minecraft_Sward_Small,TLCQ,Amazon,
01/29/2025,minecraft_Sward_Small,TLCQ,Amazon,
01/29/2025,minecraft_Sward_Small,TLCQ,Amazon,
01/29/2025,minecraft_Sward_Big,TLCQ,Amazon,
01/29/2025,minecraft_Sward_Big,TLCQ,Amazon,
01/29/2025,minecraft_Sward_Big,TLCQ,Amazon,
01/29/2025,minecraft_Sward_Big,TLCQ,Amazon,
01/29/2025,minecraft_Sward_Big,TLCQ,Amazon,
01/29/2025,minecraft_Sward_Big,TLCQ,Amazon,
01/29/2025,minecraft_Sward_Big,TLCQ,Amazon,
01/29/2025,CSTE_0242_SG_ButterFly_Purple,TLCQ,Amazon,
01/29/2025,CSTE_0242_SG_ButterFly_Purple,TLCQ,Amazon,
01/29/2025,CSTE_0242_SG_ButterFly_Purple,TLCQ,Amazon,
01/29/2025,Caaju_Compression_Travelkit_Blue,TLCQ,Amazon,
01/29/2025,CSTE_O0395_OT_SG_Case_BunnyPink,TLCQ,Amazon,
01/29/2025,Caaju_26Lstoragebox_cream,BLR8,Amazon,
01/29/2025,Reversible_Yodaa,TLCQ,Amazon,
01/29/2025,CSTE_0330_Wands_Harrypotter_Light,TLCQ,Amazon,
01/29/2025,CSTE_0330_Wands_Harrypotter_Light,TLCQ,Amazon,
01/29/2025,peacecolor_squar_glasses,DEL4,Amazon,
01/29/2025,FUSKED-TLSG,BLR8,Amazon,
01/29/2025,fire-glass_yellowfba,TLCQ,Amazon,
01/29/2025,fire-glass_yellowfba,TLCQ,Amazon,
01/29/2025,Money Heist 4,TLCQ,Amazon,
01/28/2025,CSTE_0540_ST_Animal_Breathing_Stich_P_2,TLCQ,Amazon,
01/28/2025,CSTE_0535_ST_Animal_Breathing_lamb_P_2,TLCQ,Amazon,
01/28/2025,Breathing_Lilo_Stich_Blue,TLCQ,Amazon,
01/28/2025,Breathing_Lilo_Stich_Blue,TLCQ,Amazon,
01/28/2025,CSTE_O0446_OT_Glue_Sand_Rubber_Pig,TLCQ,Amazon,
01/28/2025,CSTE_O0445_OT_Glue_Sand_Rubber_Monkey,TLCQ,Amazon,
01/28/2025,Breathing_Otter_Blue,TLCQ,Amazon,
01/28/2025,Breathing_Otter_Pink_1,TLCQ,Amazon,
01/28/2025,Haary_Round_SG,TLCQ,Amazon,
01/28/2025,Haary_Round_SG,TLCQ,Amazon,
01/28/2025,CSTE_0533_ST_Animal_Breathing_koala_Grey,TLCQ,Amazon,
01/28/2025,CSTE_0533_ST_Animal_Breathing_koala_Grey,TLCQ,Amazon,
01/28/2025,CSTE_0502_ST_Minecraft_Pickaxe_Foam,TLCQ,Amazon,
01/28/2025,CSTE_0502_ST_Minecraft_Pickaxe_Foam,TLCQ,Amazon,
01/28/2025,CSTE_0491_ST_Fruit_Blox_Spirit,TLCQ,Amazon,
01/28/2025,CSTE_0490_ST_Fruit_Blox_Shadow,TLCQ,Amazon,
01/28/2025,CSTE_0490_ST_Fruit_Blox_Shadow,TLCQ,Amazon,
01/28/2025,CSTE_0489_ST_Fruit_Blox_Light,TLCQ,Amazon,
01/28/2025,CSTE_0489_ST_Fruit_Blox_Light,TLCQ,Amazon,
01/28/2025,CSTE_0489_ST_Fruit_Blox_Light,TLCQ,Amazon,
01/28/2025,CSTE_0489_ST_Fruit_Blox_Light,TLCQ,Amazon,
01/28/2025,CSTE_0482_ST_Animal_Kitty_Kuromi_Black,TLCQ,Amazon,
01/28/2025,CSTE_0482_ST_Animal_Kitty_Kuromi_Black,TLCQ,Amazon,
01/28/2025,CSTE_0519_ST_Animal_Sitting_Duck_Flower,TLCQ,Amazon,
01/28/2025,K9,PNQ2,Amazon,
01/28/2025,minecraft_Sward_Small,TLCQ,Amazon,
01/28/2025,minecraft_Sward_Big,TLCQ,Amazon,
01/28/2025,minecraft_Sward_Big,TLCQ,Amazon,
01/28/2025,minecraft_Sward_Big,TLCQ,Amazon,
01/28/2025,minecraft_Sward_Big,TLCQ,Amazon,
01/28/2025,minecraft_Lama,PNQ2,Amazon,
01/28/2025,Caaju_26Lstoragebox_blue,TLCQ,Amazon,
01/28/2025,Caaju_26Lstoragebox_grey,BOM7,Amazon,
01/28/2025,CJ_Travel_Org_Kit_LightBlue,TLCQ,Amazon,
01/28/2025,CSTE_0353_Wands_DumbleD_light_MB,TLCQ,Amazon,
01/28/2025,CSTE_0330_Wands_Harrypotter_Light,TLCQ,Amazon,
01/28/2025,CSTE_0332_Wands_Lord Voldmort_Light,BLR8,Amazon,
01/28/2025,CSTE_0333_Wands_Dumbledore_Light,TLCQ,Amazon,
01/28/2025,CSTE_0301_MB_Mahogany_21Notes_Brown,BLR8,Amazon,
01/28/2025,CSTE_0293_OT_Voldemort_wand,TLCQ,Amazon,
01/28/2025,CSTE_0295_OT_Snape_wand,TLCQ,Amazon,
01/28/2025,CSTE_0295_OT_Snape_wand,PNQ2,Amazon,
01/28/2025,CSTE_0343_Wands_Lord Voldmort_Sunglasas,TLCQ,Amazon,
01/28/2025,FUSKED-TLSG,BLR8,Amazon,
01/28/2025,CSTE_0213_SG_ButterFly_Black,TLCQ,Amazon,
01/28/2025,greenbutterful_glasses_fba,PNQ2,Amazon,
01/28/2025,1E-TWV2-4FQF,BOM7,Amazon,
01/28/2025,31-BMMI-FJWV,BOM7,Amazon,
01/27/2025,CSTE_0535_ST_Animal_Breathing_lamb_P_2,TLCQ,Amazon,
01/27/2025,Breathing_Lilo_Stich_Blue,TLCQ,Amazon,
01/27/2025,Breathing_Lilo_Stich_Blue,TLCQ,Amazon,
01/27/2025,Storage_Box_Green_2,TLCQ,Amazon,
01/27/2025,Breathing_Otter_Blue,TLCQ,Amazon,
01/27/2025,Breathing_Otter_Blue,TLCQ,Amazon,
01/27/2025,Breathing_Otter_Blue,TLCQ,Amazon,
01/27/2025,Haary_Round_SG,TLCQ,Amazon,
01/27/2025,Haary_Round_SG,TLCQ,Amazon,
01/27/2025,Haary_Round_SG,TLCQ,Amazon,
01/27/2025,CSTE_0491_ST_Fruit_Blox_Spirit,TLCQ,Amazon,
01/27/2025,CSTE_0491_ST_Fruit_Blox_Spirit,TLCQ,Amazon,
01/27/2025,CSTE_0491_ST_Fruit_Blox_Spirit,TLCQ,Amazon,
01/27/2025,CSTE_0490_ST_Fruit_Blox_Shadow,TLCQ,Amazon,
01/27/2025,CSTE_0490_ST_Fruit_Blox_Shadow,TLCQ,Amazon,
01/27/2025,CSTE_0490_ST_Fruit_Blox_Shadow,TLCQ,Amazon,
01/27/2025,CSTE_0490_ST_Fruit_Blox_Shadow,TLCQ,Amazon,
01/27/2025,Hermoine_light_SG,TLCQ,Amazon,
01/27/2025,Hermoine_light_SG,TLCQ,Amazon,
01/27/2025,AZ-2LJY-FLVA,TLCQ,Amazon,
01/27/2025,minecraft_Sward_Small,TLCQ,Amazon,
01/27/2025,minecraft_Sward_Small,TLCQ,Amazon,
01/27/2025,minecraft_Sward_Small,TLCQ,Amazon,
01/27/2025,minecraft_Sward_Big,TLCQ,Amazon,
01/27/2025,Garfield,TLCQ,Amazon,
01/27/2025,hello kitty,TLCQ,Amazon,
01/27/2025,love a lot bear,TLCQ,Amazon,
01/27/2025,CSTE_0242_SG_ButterFly_Purple,TLCQ,Amazon,
01/27/2025,Minecraft_Zombie,TLCQ,Amazon,
01/27/2025,Solar_ganesha_Map,TLCQ,Amazon,
01/27/2025,Reversible_Yodaa,TLCQ,Amazon,
01/27/2025,CSTE_0330_Wands_Harrypotter_Light,TLCQ,Amazon,
01/27/2025,CSTE_0332_Wands_Lord Voldmort_Light,BLR8,Amazon,
01/27/2025,CSTE_0333_Wands_Dumbledore_Light,TLCQ,Amazon,
01/27/2025,CSTE_0333_Wands_Dumbledore_Light,TLCQ,Amazon,
01/27/2025,CSTE_0357_Wands_Voldemort_Light_Sg,PNQ2,Amazon,
01/27/2025,CSTE_0355_Wands_HP_light_Sg,TLCQ,Amazon,
01/27/2025,CSTE_0355_Wands_HP_light_Sg,TLCQ,Amazon,
01/27/2025,CSTE_0355_Wands_HP_light_Sg,TLCQ,Amazon,
01/27/2025,CSTE_0358_Wands_Dumbledore_light_Sg,TLCQ,Amazon,
01/27/2025,7T-TK3O-AIHG,TLCQ,Amazon,
01/27/2025,CSTE_0251_SG_ButterFly_LightgreenPink,TLCQ,Amazon,
01/27/2025,CSTE_0322_ST_Axolotl_Blue,BOM7,Amazon,
01/27/2025,CSTE_0291_OT_Hermoine_wand,PNQ2,Amazon,
01/27/2025,CSTE_0341_Wands_Hermoine_Sunglasas,TLCQ,Amazon,
01/27/2025,CSTE_0345_Wands_Snape_Sunglasas,PNQ2,Amazon,
01/27/2025,CSTE_0213_SG_ButterFly_Black,TLCQ,Amazon,
01/27/2025,ST-Van- bts-white grey_FBA,TLCQ,Amazon,
01/27/2025,MB_Titanic_Brown_fba,BLR8,Amazon,
01/27/2025,twinkle_FBA,TLCQ,Amazon,
01/26/2025,CSTE_0322_ST_Axolotl_Blue,BOM7,Amazon,
25-Jan-25,,Karnataka,CSTE FLIPKART,CSTE_0546_ST_Animal_Lucifer_Cat_Black
25-Jan-25,,Kerala,CSTE FLIPKART,Map_Musicbox_Black_HBD
25-Jan-25,,Maharashtra,CSTE FLIPKART,f_ay hp M box black
25-Jan-25,,Assam,CSTE FLIPKART,f_ay hp M box black
25-Jan-25,,Madhya Pradesh,CSTE FLIPKART,Map_Musicbox_Black_HBD
25-Jan-25,,Chhattisgarh,CSTE FLIPKART,Music Box/11
25-Jan-25,,Maharashtra,CSTE FLIPKART,Music Box/11
25-Jan-25,,Delhi,CSTE FLIPKART,f_ay hp M box black
26-Jan-25,,Punjab,CSTE FLIPKART,CSTE_0470_ST_Minecraft_Sword_Small
26-Jan-25,,West Bengal,CSTE FLIPKART,CSTE_0470_ST_Minecraft_Sword_Small
26-Jan-25,,Maharashtra,CSTE FLIPKART,F_ay hp M box black
26-Jan-25,,Odisha,CSTE FLIPKART,f_ay hp M box black
26-Jan-25,,West Bengal,CSTE FLIPKART,Music Box/11
26-Jan-25,,Kerala,CSTE FLIPKART,CSTE_0470_ST_Minecraft_Sword_Small
26-Jan-25,,Kerala,CSTE FLIPKART,CJ-Thug Life Sunglasses Pixel Gangster
26-Jan-25,,Bihar,CSTE FLIPKART,sabrina_8note_kalimba
26-Jan-25,,Telangana,CSTE FLIPKART,eitheo_HBD
26-Jan-25,,Telangana,CSTE FLIPKART,WING_RED_SG
26-Jan-25,,Rajasthan,CSTE FLIPKART,Music Box/11
26-Jan-25,,Delhi,CSTE FLIPKART,Music Box/11
25-Jan-25,,Tamil Nadu,CSTE FLIPKART,CSTE_0491_ST_Fruit_Blox_Spirit
25-Jan-25,,Tamil Nadu,CSTE FLIPKART,CSTE_0533_ST_Animal_Breathing_Koala_Grey
25-Jan-25,,Telangana,CSTE FLIPKART,CSTE_0489_ST_Fruit_Blox_Light
25-Jan-25,,Delhi,CSTE FLIPKART,CSTE_0491_ST_Fruit_Blox_Spirit
26-Jan-25,,Maharashtra,CSTE FLIPKART,CSTE_0488_ST_Anim_Breathing_Stitch_Blue
26-Jan-25,,Karnataka,CSTE FLIPKART,Breathing_Otter_Pink
26-Jan-25,,Maharashtra,CSTE FLIPKART,CSTE_0490_ST_Fruit_Blox_Shadow
26-Jan-25,,Uttar Pradesh,CSTE FLIPKART,CSTE_0486_ST_Anim_Breathing_Otter_Brown
27-Jan-25,,Maharashtra,CSTE FLIPKART,Music Box/11
27-Jan-25,,Meghalaya,CSTE FLIPKART,MERCURYGREEN_FIRE_SG
27-Jan-25,,Uttarakhand,CSTE FLIPKART,eitheo_HBD
27-Jan-25,,Kerala,CSTE FLIPKART,Music Box/11
27-Jan-25,,Maharashtra,CSTE FLIPKART,F_ay hp M box black
27-Jan-25,,Maharashtra,CSTE FLIPKART,CSTE_0149_SG_ButterFly_Pink
27-Jan-25,,West Bengal,CSTE FLIPKART,eitheo_HBD
27-Jan-25,,Odisha,CSTE FLIPKART,F_sunglass-1
27-Jan-25,,Tamil Nadu,CSTE FLIPKART,Map_Musicbox_Black_HBD
27-Jan-25,,Uttarakhand,CSTE FLIPKART,f_ay hp M box black
28-Jan-25,,Maharashtra,CSTE FLIPKART,Map_Musicbox_Black_HBD
28-Jan-25,,Uttarakhand,CSTE FLIPKART,CSTE_0470_ST_Minecraft_Sword_Small
28-Jan-25,,Delhi,CSTE FLIPKART,Dumbledore_wand_musicbox
27-Jan-25,,Tamil Nadu,CSTE FLIPKART,CSTE_0491_ST_Fruit_Blox_Spirit
27-Jan-25,,Tamil Nadu,CSTE FLIPKART,CSTE_0490_ST_Fruit_Blox_Shadow
27-Jan-25,,Kerala,CSTE FLIPKART,CSTE_0489_ST_Fruit_Blox_Light
27-Jan-25,,Bihar,CSTE FLIPKART,CSTE_0478_ST_Minecraft_Cow_Brown
27-Jan-25,,Tamil Nadu,CSTE FLIPKART,CSTE_0489_ST_Fruit_Blox_Light
28-Jan-25,,Kerala,CSTE FLIPKART,Brown-La-Vie-Rose-Brown
28-Jan-25,,Bihar,CSTE FLIPKART,MERCURYGREEN_FIRE_SG
28-Jan-25,,Kerala,CSTE FLIPKART,Music Box/11
28-Jan-25,,West Bengal,CSTE FLIPKART,HARRY POTTER_WHITE
28-Jan-25,,Karnataka,CSTE FLIPKART,Dumbledore_sunglass_wand
28-Jan-25,,Karnataka,CSTE FLIPKART,CSTE_0487_ST_Anim_Breathing_Otter_Blue
28-Jan-25,,West Bengal,CSTE FLIPKART,CSTE_0486_ST_Anim_Breathing_Otter_Brown
28-Jan-25,,Uttar Pradesh,CSTE FLIPKART,Map_Musicbox_Black_HBD
28-Jan-25,,Maharashtra,CSTE FLIPKART,Music Box/26
28-Jan-25,,Maharashtra,CSTE FLIPKART,CSTE_0491_ST_Fruit_Blox_Spirit
29-Jan-25,,Kerala,CSTE FLIPKART,HARRY POTTER_WHITE
29-Jan-25,,Tamil Nadu,CSTE FLIPKART,Hbd_white_mb
29-Jan-25,,Chhattisgarh,CSTE FLIPKART,hbd_brown_map
29-Jan-25,,Chhattisgarh,CSTE FLIPKART,Music Box/11
29-Jan-25,,Uttar Pradesh,CSTE FLIPKART,Map_Musicbox_Black_HBD
29-Jan-25,,Uttar Pradesh,CSTE FLIPKART,f_ay hp M box black
28-Jan-25,,Maharashtra,CSTE FLIPKART,CSTE_0482_ST_Animal_Kitty_Kuromi_Black
29-Jan-25,,Manipur,CSTE FLIPKART,Music Box/11
29-Jan-25,,Kerala,CSTE FLIPKART,Music Box/11
29-Jan-25,,Maharashtra,CSTE FLIPKART,CSTE_0489_ST_Fruit_Blox_Light
29-Jan-25,,Maharashtra,CSTE FLIPKART,CSTE_0490_ST_Fruit_Blox_Shadow
29-Jan-25,,Maharashtra,CSTE FLIPKART,hbd_brown_map
29-Jan-25,,Uttar Pradesh,CSTE FLIPKART,HARRY POTTER_WHITE
29-Jan-25,,Uttar Pradesh,CSTE FLIPKART,eitheo_HBD
30-Jan-25,,Nagaland,CSTE FLIPKART,crystle_17nots_kalimba
30-Jan-25,,Uttar Pradesh,CSTE FLIPKART,Music Box/11
30-Jan-25,,Andhra Pradesh,CSTE FLIPKART,WING_RED_SG
30-Jan-25,,Bihar,CSTE FLIPKART,CSTE_0486_ST_Anim_Breathing_Otter_Brown
30-Jan-25,,Jammu & Kashmir,CSTE FLIPKART,f_ay hp M box black
30-Jan-25,,Karnataka,CSTE FLIPKART,F_ay hp M box black
30-Jan-25,,Tamil Nadu,CSTE FLIPKART,Music Box/11
30-Jan-25,,Telangana,CSTE FLIPKART,CSTE_0532_ST_Animal_Breathing_Rabbit_Grey
30-Jan-25,,Tamil Nadu,CSTE FLIPKART,CSTE_0487_ST_Anim_Breathing_Otter_Blue
30-Jan-25,,West Bengal,CSTE FLIPKART,harrypotter_brown_map2
30-Jan-25,,Assam,CSTE FLIPKART,fusked-elephant-grey-soft toy
30-Jan-25,,Karnataka,CSTE FLIPKART,CSTE_0419_ST_MineCraft_Creeper
30-Jan-25,,Madhya Pradesh,CSTE FLIPKART,CSTE_0355_Wands_HP_light_Sg
30-Jan-25,,Kerala,CSTE FLIPKART,HBD_BLCK_MAP
30-Jan-25,,Gujarat,CSTE FLIPKART,CSTE_0487_ST_Anim_Breathing_Otter_Blue
30-Jan-25,,Maharashtra,CSTE FLIPKART,moeny Heist Musical Toy
30-Jan-25,,Rajasthan,CSTE FLIPKART,harrypotter_brown_map2
30-Jan-25,,Haryana,CSTE FLIPKART,CSTE_0512_ST_Animal_Cow_Plush
31-Jan-25,,West Bengal,CSTE FLIPKART,light_wand_dumbledore
31-Jan-25,,Uttar Pradesh,CSTE FLIPKART,WING_RED_SG
31-Jan-25,,Tamil Nadu,CSTE FLIPKART,eitheo_HBD
31-Jan-25,,Tamil Nadu,CSTE FLIPKART,fusked-elephant-grey-soft toy
31-Jan-25,,Rajasthan,CSTE FLIPKART,fusked-elephant-grey-soft toy
31-Jan-25,,Uttar Pradesh,CSTE FLIPKART,fusked-elephant-grey-soft toy
31-Jan-25,,West Bengal,CSTE FLIPKART,eitheo_HBD
31-Jan-25,,Uttar Pradesh,CSTE FLIPKART,Dumbledore_wand_musicbox
31-Jan-25,,Kerala,CSTE FLIPKART,Music Box/11
31-Jan-25,,Bihar,CSTE FLIPKART,Hbd_white_mb
31-Jan-25,,Haryana,CSTE FLIPKART,Music Box/11
31-Jan-25,,Maharashtra,CSTE FLIPKART,Music Box/11
31-Jan-25,,Uttar Pradesh,CSTE FLIPKART,CJ- BEN 10 GIRLS-BOYS-WATCH-GREEN
30-Jan-25,,Kerala,CSTE FLIPKART,CSTE_0543_ST_Animal_Breathing_Strawberry_Rabbit
30-Jan-25,,Karnataka,CSTE FLIPKART,CSTE_0476_ST_Minecraft_Zombie_Black
30-Jan-25,,Maharashtra,CSTE FLIPKART,CSTE_0488_ST_Anim_Breathing_Stitch_Blue
30-Jan-25,,Maharashtra,CSTE FLIPKART,CSTE_0502_ST_Minecraft_Pickaxe_Foam
31-Jan-25,,Uttar Pradesh,CSTE FLIPKART,CSTE_0489_ST_Fruit_Blox_Light
31-Jan-25,,Tamil Nadu,CSTE FLIPKART,CSTE_0491_ST_Fruit_Blox_Spirit
31-Jan-25,,Madhya Pradesh,CSTE FLIPKART,CSTE_0486_ST_Anim_Breathing_Otter_Brown
31-Jan-25,,Uttar Pradesh,CSTE FLIPKART,CSTE_0486_ST_Anim_Breathing_Otter_Brown
1-Feb-25,,Maharashtra,CSTE FLIPKART,Dumbledore_wand_musicbox
26-Jan-25,,West Bengal,GIANT LEAP FLIPKART,MB_MB_A12BROWN_1
26-Jan-25,,Kerala,GIANT LEAP FLIPKART,MB_YouAreSunshine_Blk
26-Jan-25,,Kerala,GIANT LEAP FLIPKART,MB_YouAreSunshine_Blk
27-Jan-25,,Tamil Nadu,GIANT LEAP FLIPKART,Map_HP_Brown
28-Jan-25,,Gujarat,GIANT LEAP FLIPKART,MB_Beatles_Black
28-Jan-25,,Rajasthan,GIANT LEAP FLIPKART,LAVIENROSE_BLACK
28-Jan-25,,Madhya Pradesh,GIANT LEAP FLIPKART,MB_YouAreSunshine_Blk
29-Jan-25,,Odisha,GIANT LEAP FLIPKART,Thug life sunglasses
30-Jan-25,,Kerala,GIANT LEAP FLIPKART,Red_Wings_SG
30-Jan-25,,Bihar,GIANT LEAP FLIPKART,doll_orange_green
1-Feb-25,,Kerala,GIANT LEAP FLIPKART,thug_thin
2025-01-26,,Maharashtra,RUDRAV MEESHO,32546987
2025-01-26,,Arunachal Pradesh,RUDRAV MEESHO,goku action figure01
2025-01-26,,Delhi,RUDRAV MEESHO,CSTE_O0390_OT_Toiletry_Bottles
2025-01-26,,Maharashtra,RUDRAV MEESHO,CSTE_O0390_OT_Toiletry_Bottles
2025-01-27,,Karnataka,RUDRAV MEESHO,32546987
2025-01-27,,Maharashtra,RUDRAV MEESHO,CSTE_0490_ST_Fruit_Blox_Shadow
2025-01-27,,Punjab,RUDRAV MEESHO,CSTE_O0390_OT_Toiletry_Bottles
2025-01-27,,Rajasthan,RUDRAV MEESHO,CSTE_O0390_OT_Toiletry_Bottles
2025-01-27,,Maharashtra,RUDRAV MEESHO,CSTE_O0390_OT_Toiletry_Bottles
2025-01-27,,Uttar Pradesh,RUDRAV MEESHO,CSTE_O0390_OT_Toiletry_Bottles
2025-01-27,,Uttar Pradesh,RUDRAV MEESHO,CSTE_O0390_OT_Toiletry_Bottles
2025-01-27,,West Bengal,RUDRAV MEESHO,CSTE_O0390_OT_Toiletry_Bottles
2025-01-27,,Rajasthan,RUDRAV MEESHO,CSTE_0454_ST_Animal_Garfield_Orange
2025-01-27,,Haryana,RUDRAV MEESHO,32546987
2025-01-27,,Uttar Pradesh,RUDRAV MEESHO,CSTE_O0390_OT_Toiletry_Bottles
2025-01-27,,Tamil Nadu,RUDRAV MEESHO,CSTE_0417_Organizer_StorageBox_SkyBlue
2025-01-27,,Karnataka,RUDRAV MEESHO,CSTE_O0390_OT_Toiletry_Bottles
2025-01-27,,Uttar Pradesh,RUDRAV MEESHO,CSTE_O0390_OT_Toiletry_Bottles
2025-01-27,,Delhi,RUDRAV MEESHO,SG_FireGlass_MercuryPink
2025-01-27,,Gujarat,RUDRAV MEESHO,CSTE_O0390_OT_Toiletry_Bottles
2025-01-28,,Andhra Pradesh,RUDRAV MEESHO,CSTE_0478_ST_Minecraft_Cow_Brown
2025-01-28,,Haryana,RUDRAV MEESHO,CSTE_O0390_OT_Toiletry_Bottles
2025-01-28,,Haryana,RUDRAV MEESHO,32002561
2025-01-28,,Jharkhand,RUDRAV MEESHO,32546987
2025-01-28,,Telangana,RUDRAV MEESHO,CSTE_O0390_OT_Toiletry_Bottles
2025-01-28,,Telangana,RUDRAV MEESHO,SG_FireGlass_Green
2025-01-28,,Maharashtra,RUDRAV MEESHO,Gengar
2025-01-29,,Telangana,RUDRAV MEESHO,CSTE_O0390_OT_Toiletry_Bottles
2025-01-29,,Tamil Nadu,RUDRAV MEESHO,SG_butterfly_Red&Green
2025-01-29,,Andhra Pradesh,RUDRAV MEESHO,32546987
2025-01-29,,Karnataka,RUDRAV MEESHO,CSTE_O0390_OT_Toiletry_Bottles
2025-01-29,,Uttar Pradesh,RUDRAV MEESHO,32546987
2025-01-29,,Kerala,RUDRAV MEESHO,CSTE_0157_SG_FireGlass_Green
2025-01-29,,Bihar,RUDRAV MEESHO,CSTE_O0390_OT_Toiletry_Bottles
2025-01-29,,West Bengal,RUDRAV MEESHO,Goku Super Saiyyan Injured01
2025-01-29,,Maharashtra,RUDRAV MEESHO,CSTE_0417_Organizer_StorageBox_SkyBlue
2025-01-29,,West Bengal,RUDRAV MEESHO,32546987
2025-01-29,,Assam,RUDRAV MEESHO,1951027540_9
2025-01-29,,Tamil Nadu,RUDRAV MEESHO,Dolphine bubble shooter gun for kids
2025-01-29,,Karnataka,RUDRAV MEESHO,MB_StarWars_|BLK
2025-01-29,,Haryana,RUDRAV MEESHO,32546987
2025-01-29,,Telangana,RUDRAV MEESHO,CSTE_O0390_OT_Toiletry_Bottles
2025-01-29,,Maharashtra,RUDRAV MEESHO,CSTE_O0445_OT_Glue_Sand_Rubber_Monkey
2025-01-29,,Chhattisgarh,RUDRAV MEESHO,Harry_wand
2025-01-30,,Jharkhand,RUDRAV MEESHO,CSTE_0533_ST_Animal_Breathing_Koala_Grey
2025-01-30,,Maharashtra,RUDRAV MEESHO,32546987
2025-01-30,,Madhya Pradesh,RUDRAV MEESHO,Minecraft_Small_Sword_Steve
2025-01-30,,Uttar Pradesh,RUDRAV MEESHO,CSTE_0205_MB_MHA10_Brown
2025-01-30,,Kerala,RUDRAV MEESHO,SG_butterfly_Red&Green
2025-01-30,,Kerala,RUDRAV MEESHO,CSTE_0157_SG_FireGlass_Green
2025-01-30,,Karnataka,RUDRAV MEESHO,CSTE_O0390_OT_Toiletry_Bottles
2025-01-31,,Telangana,RUDRAV MEESHO,Titanic_Brown
2025-01-31,,Karnataka,RUDRAV MEESHO,CSTE_O0390_OT_Toiletry_Bottles
2025-01-31,,Gujarat,RUDRAV MEESHO,SG_butterfly_Red&Green
2025-01-31,,Meghalaya,RUDRAV MEESHO,78945615
2025-01-31,,Karnataka,RUDRAV MEESHO,CSTE_O0390_OT_Toiletry_Bottles
2025-01-31,,Haryana,RUDRAV MEESHO,32546987
2025-02-01,,Telangana,RUDRAV MEESHO,CSTE_O0390_OT_Toiletry_Bottles
2025-02-01,,Andhra Pradesh,RUDRAV MEESHO,586379476_16
2025-02-01,,West Bengal,RUDRAV MEESHO,586379476_16
2025-02-01,,Madhya Pradesh,RUDRAV MEESHO,SG_FireGlass_Green
2025-02-01,,Telangana,RUDRAV MEESHO,CSTE_O0390_OT_Toiletry_Bottles
2025-02-01,,Uttar Pradesh,RUDRAV MEESHO,78945615
2025-02-01,,Punjab,RUDRAV MEESHO,CSTE_O0390_OT_Toiletry_Bottles
