Date,Warehouse,sku,Status,msku,Panel,Quantity
,Karnataka,CSTE_0546_ST_Animal_Lucifer_Cat_Black,Active,CSTE_0546_ST_Animal_Lucifer_Cat_Black,CSTE FLIPKART,1
,Kerala,Map_Musicbox_Black_HBD,Active,CSTE_0015_MB_HBD_Black,CSTE FLIPKART,1
,Madhya Pradesh,Map_Musicbox_Black_HBD,Active,CSTE_0015_MB_HBD_Black,CSTE FLIPKART,1
,Tamil Nadu,Map_Musicbox_Black_HBD,Active,CSTE_0015_MB_HBD_Black,CSTE FLIPKART,1
,Maharashtra,Map_Musicbox_Black_HBD,Active,CSTE_0015_MB_HBD_Black,CSTE FLIPKART,1
,Uttar Pradesh,Map_Musicbox_Black_HBD,Active,CSTE_0015_MB_HBD_Black,CSTE FLIPKART,1
,Maharashtra,f_ay hp M box black,Active,CSTE_0020_MB_HP_Black,CSTE FLIPKART,1
,Assam,f_ay hp M box black,Active,CSTE_0020_MB_HP_Black,CSTE FLIPKART,1
,Delhi,f_ay hp M box black,Active,CSTE_0020_MB_HP_Black,CSTE FLIPKART,1
,Odisha,f_ay hp M box black,Active,CSTE_0020_MB_HP_Black,CSTE FLIPKART,1
,Uttarakhand,f_ay hp M box black,Active,CSTE_0020_MB_HP_Black,CSTE FLIPKART,1
,Uttar Pradesh,f_ay hp M box black,Active,CSTE_0020_MB_HP_Black,CSTE FLIPKART,1
,Jammu & Kashmir,f_ay hp M box black,Active,CSTE_0020_MB_HP_Black,CSTE FLIPKART,1
,Chhattisgarh,Music Box/11,Active,CSTE_0060_MB_YouAreMySunshine_Brown,CSTE FLIPKART,1
,Maharashtra,Music Box/11,Active,CSTE_0060_MB_YouAreMySunshine_Brown,CSTE FLIPKART,1
,West Bengal,Music Box/11,Active,CSTE_0060_MB_YouAreMySunshine_Brown,CSTE FLIPKART,1
,Rajasthan,Music Box/11,Active,CSTE_0060_MB_YouAreMySunshine_Brown,CSTE FLIPKART,1
,Delhi,Music Box/11,Active,CSTE_0060_MB_YouAreMySunshine_Brown,CSTE FLIPKART,1
,Kerala,Music Box/11,Active,CSTE_0060_MB_YouAreMySunshine_Brown,CSTE FLIPKART,1
,Manipur,Music Box/11,Active,CSTE_0060_MB_YouAreMySunshine_Brown,CSTE FLIPKART,1
,Uttar Pradesh,Music Box/11,Active,CSTE_0060_MB_YouAreMySunshine_Brown,CSTE FLIPKART,1
,Tamil Nadu,Music Box/11,Active,CSTE_0060_MB_YouAreMySunshine_Brown,CSTE FLIPKART,1
,Haryana,Music Box/11,Active,CSTE_0060_MB_YouAreMySunshine_Brown,CSTE FLIPKART,1
,Punjab,CSTE_0470_ST_Minecraft_Sword_Small,Active,CSTE_0470_ST_Minecraft_Sword_Small,CSTE FLIPKART,1
,West Bengal,CSTE_0470_ST_Minecraft_Sword_Small,Active,CSTE_0470_ST_Minecraft_Sword_Small,CSTE FLIPKART,1
,Kerala,CSTE_0470_ST_Minecraft_Sword_Small,Active,CSTE_0470_ST_Minecraft_Sword_Small,CSTE FLIPKART,1
,Uttarakhand,CSTE_0470_ST_Minecraft_Sword_Small,Active,CSTE_0470_ST_Minecraft_Sword_Small,CSTE FLIPKART,1
,Maharashtra,F_ay hp M box black,Active,CSTE_0020_MB_HP_Black,CSTE FLIPKART,1
,Karnataka,F_ay hp M box black,Active,CSTE_0020_MB_HP_Black,CSTE FLIPKART,1
,Kerala,CJ-Thug Life Sunglasses Pixel Gangster,Active,CSTE_0218_SG_ThugLife_Big,CSTE FLIPKART,1
,Bihar,sabrina_8note_kalimba,Active,CSTE_0306_MB_Sabrina_8Notes_Brown,CSTE FLIPKART,1
,Telangana,eitheo_HBD,Active,CSTE_0014_MB_HBD_Brown,CSTE FLIPKART,2
,Telangana,eitheo_HBD,Inactive,MAP_HBD_Multicolor,CSTE FLIPKART,2
,Uttarakhand,eitheo_HBD,Active,CSTE_0014_MB_HBD_Brown,CSTE FLIPKART,2
,Uttarakhand,eitheo_HBD,Inactive,MAP_HBD_Multicolor,CSTE FLIPKART,2
,West Bengal,eitheo_HBD,Active,CSTE_0014_MB_HBD_Brown,CSTE FLIPKART,2
,West Bengal,eitheo_HBD,Inactive,MAP_HBD_Multicolor,CSTE FLIPKART,2
,Uttar Pradesh,eitheo_HBD,Active,CSTE_0014_MB_HBD_Brown,CSTE FLIPKART,2
,Uttar Pradesh,eitheo_HBD,Inactive,MAP_HBD_Multicolor,CSTE FLIPKART,2
,Tamil Nadu,eitheo_HBD,Active,CSTE_0014_MB_HBD_Brown,CSTE FLIPKART,2
,Tamil Nadu,eitheo_HBD,Inactive,MAP_HBD_Multicolor,CSTE FLIPKART,2
,Telangana,WING_RED_SG,Active,CSTE_0240_SG_Wings_Red,CSTE FLIPKART,1
,Andhra Pradesh,WING_RED_SG,Active,CSTE_0240_SG_Wings_Red,CSTE FLIPKART,1
,Uttar Pradesh,WING_RED_SG,Active,CSTE_0240_SG_Wings_Red,CSTE FLIPKART,1
,Tamil Nadu,CSTE_0491_ST_Fruit_Blox_Spirit,Active,CSTE_0491_ST_Fruit_Blox_Spirit,CSTE FLIPKART,1
,Delhi,CSTE_0491_ST_Fruit_Blox_Spirit,Active,CSTE_0491_ST_Fruit_Blox_Spirit,CSTE FLIPKART,1
,Maharashtra,CSTE_0491_ST_Fruit_Blox_Spirit,Active,CSTE_0491_ST_Fruit_Blox_Spirit,CSTE FLIPKART,1
,Tamil Nadu,CSTE_0533_ST_Animal_Breathing_Koala_Grey,Active,CSTE_0533_ST_Animal_Breathing_Koala_Grey,CSTE FLIPKART,1
,Jharkhand,CSTE_0533_ST_Animal_Breathing_Koala_Grey,Active,CSTE_0533_ST_Animal_Breathing_Koala_Grey,RUDRAV MEESHO,1
,Telangana,CSTE_0489_ST_Fruit_Blox_Light,Active,CSTE_0489_ST_Fruit_Blox_Light,CSTE FLIPKART,1
,Kerala,CSTE_0489_ST_Fruit_Blox_Light,Active,CSTE_0489_ST_Fruit_Blox_Light,CSTE FLIPKART,1
,Tamil Nadu,CSTE_0489_ST_Fruit_Blox_Light,Active,CSTE_0489_ST_Fruit_Blox_Light,CSTE FLIPKART,1
,Maharashtra,CSTE_0489_ST_Fruit_Blox_Light,Active,CSTE_0489_ST_Fruit_Blox_Light,CSTE FLIPKART,1
,Uttar Pradesh,CSTE_0489_ST_Fruit_Blox_Light,Active,CSTE_0489_ST_Fruit_Blox_Light,CSTE FLIPKART,1
,Maharashtra,CSTE_0488_ST_Anim_Breathing_Stitch_Blue,Active,CSTE_0488_ST_Animal_Breathing_Stitch_Blue,CSTE FLIPKART,1
,Karnataka,Breathing_Otter_Pink,Active,CSTE_0526_ST_Animal_Breathing_Otter_Pink,CSTE FLIPKART,1
,Maharashtra,CSTE_0490_ST_Fruit_Blox_Shadow,Active,CSTE_0490_ST_Fruit_Blox_Shadow,CSTE FLIPKART,1
,Tamil Nadu,CSTE_0490_ST_Fruit_Blox_Shadow,Active,CSTE_0490_ST_Fruit_Blox_Shadow,CSTE FLIPKART,1
,Maharashtra,CSTE_0490_ST_Fruit_Blox_Shadow,Active,CSTE_0490_ST_Fruit_Blox_Shadow,RUDRAV MEESHO,1
,Uttar Pradesh,CSTE_0486_ST_Anim_Breathing_Otter_Brown,Active,CSTE_0486_ST_Animal_Breathing_Otter_Brown,CSTE FLIPKART,1
,West Bengal,CSTE_0486_ST_Anim_Breathing_Otter_Brown,Active,CSTE_0486_ST_Animal_Breathing_Otter_Brown,CSTE FLIPKART,1
,Bihar,CSTE_0486_ST_Anim_Breathing_Otter_Brown,Active,CSTE_0486_ST_Animal_Breathing_Otter_Brown,CSTE FLIPKART,1
,Madhya Pradesh,CSTE_0486_ST_Anim_Breathing_Otter_Brown,Active,CSTE_0486_ST_Animal_Breathing_Otter_Brown,CSTE FLIPKART,1
,Meghalaya,MERCURYGREEN_FIRE_SG,Active,CSTE_0160_SG_FireGlass_MercuryGreen,CSTE FLIPKART,1
,Bihar,MERCURYGREEN_FIRE_SG,Active,CSTE_0160_SG_FireGlass_MercuryGreen,CSTE FLIPKART,1
,Maharashtra,CSTE_0149_SG_ButterFly_Pink,Active,CSTE_0149_SG_ButterFly_Pink,CSTE FLIPKART,1
,Odisha,F_sunglass-1,Active,CSTE_0217_SG_ThugLife_Thin,CSTE FLIPKART,1
,Delhi,Dumbledore_wand_musicbox,Active,CSTE_0336_Wands_Dumbledore_MusicBox,CSTE FLIPKART,3
,Uttar Pradesh,Dumbledore_wand_musicbox,Active,CSTE_0336_Wands_Dumbledore_MusicBox,CSTE FLIPKART,3
,Maharashtra,Dumbledore_wand_musicbox,Active,CSTE_0336_Wands_Dumbledore_MusicBox,CSTE FLIPKART,3
,Bihar,CSTE_0478_ST_Minecraft_Cow_Brown,Active,CSTE_0478_ST_Minecraft_Cow_Brown,CSTE FLIPKART,1
,Andhra Pradesh,CSTE_0478_ST_Minecraft_Cow_Brown,Active,CSTE_0478_ST_Minecraft_Cow_Brown,RUDRAV MEESHO,1
,Kerala,Brown-La-Vie-Rose-Brown,Active,CSTE_0045_MB_LavienRose_Brown,CSTE FLIPKART,1
,West Bengal,HARRY POTTER_WHITE,In Progress,CSTE_0017_MB_HP_Brown,CSTE FLIPKART,2
,West Bengal,HARRY POTTER_WHITE,Active,CSTE_0039_MB_HP_White,CSTE FLIPKART,2
,Kerala,HARRY POTTER_WHITE,In Progress,CSTE_0017_MB_HP_Brown,CSTE FLIPKART,2
,Kerala,HARRY POTTER_WHITE,Active,CSTE_0039_MB_HP_White,CSTE FLIPKART,2
,Uttar Pradesh,HARRY POTTER_WHITE,In Progress,CSTE_0017_MB_HP_Brown,CSTE FLIPKART,2
,Uttar Pradesh,HARRY POTTER_WHITE,Active,CSTE_0039_MB_HP_White,CSTE FLIPKART,2
,Karnataka,Dumbledore_sunglass_wand,Active,CSTE_0342_Wands_Dumbledore_Sunglasas,CSTE FLIPKART,3
,Karnataka,CSTE_0487_ST_Anim_Breathing_Otter_Blue,Active,CSTE_0487_ST_Animal_Breathing_Otter_Blue,CSTE FLIPKART,1
,Tamil Nadu,CSTE_0487_ST_Anim_Breathing_Otter_Blue,Active,CSTE_0487_ST_Animal_Breathing_Otter_Blue,CSTE FLIPKART,1
,Gujarat,CSTE_0487_ST_Anim_Breathing_Otter_Blue,Active,CSTE_0487_ST_Animal_Breathing_Otter_Blue,CSTE FLIPKART,1
,Maharashtra,Music Box/26,Active,CSTE_0084_MB_Spirated_Black,CSTE FLIPKART,1
,Tamil Nadu,Hbd_white_mb,Active,CSTE_0036_MB_HBD_White,CSTE FLIPKART,1
,Bihar,Hbd_white_mb,Active,CSTE_0036_MB_HBD_White,CSTE FLIPKART,1
,Chhattisgarh,hbd_brown_map,Active,CSTE_0014_MB_HBD_Brown,CSTE FLIPKART,1
,Maharashtra,hbd_brown_map,Active,CSTE_0014_MB_HBD_Brown,CSTE FLIPKART,1
,Maharashtra,CSTE_0482_ST_Animal_Kitty_Kuromi_Black,Active,CSTE_0482_ST_Animal_Kitty_Kuromi_Black,CSTE FLIPKART,1
,Nagaland,crystle_17nots_kalimba,Active,CSTE_0305_MB_Crystle_17Notes_Transparent,CSTE FLIPKART,1
,Telangana,CSTE_0532_ST_Animal_Breathing_Rabbit_Grey,Active,CSTE_0532_ST_Animal_Breathing_Rabbit_Grey,CSTE FLIPKART,1
,West Bengal,harrypotter_brown_map2,Active,CSTE_0017_MB_HP_Brown,CSTE FLIPKART,1
,Rajasthan,harrypotter_brown_map2,Active,CSTE_0017_MB_HP_Brown,CSTE FLIPKART,1
,Assam,fusked-elephant-grey-soft toy,Active,CSTE_O0031_OT_StandingElephant_Grey,CSTE FLIPKART,1
,Tamil Nadu,fusked-elephant-grey-soft toy,Active,CSTE_O0031_OT_StandingElephant_Grey,CSTE FLIPKART,1
,Rajasthan,fusked-elephant-grey-soft toy,Active,CSTE_O0031_OT_StandingElephant_Grey,CSTE FLIPKART,1
,Uttar Pradesh,fusked-elephant-grey-soft toy,Active,CSTE_O0031_OT_StandingElephant_Grey,CSTE FLIPKART,1
,Karnataka,CSTE_0419_ST_MineCraft_Creeper,Active,CSTE_0419_ST_MineCraft_Creeper,CSTE FLIPKART,1
,Madhya Pradesh,CSTE_0355_Wands_HP_light_Sg,Active,CSTE_0355_Wands_Harrypotter_light_SG,CSTE FLIPKART,3
,Kerala,HBD_BLCK_MAP,Active,CSTE_0015_MB_HBD_Black,CSTE FLIPKART,1
,Maharashtra,moeny Heist Musical Toy,Active,CSTE_0191_MB_MHA2_Brown,CSTE FLIPKART,1
,Haryana,CSTE_0512_ST_Animal_Cow_Plush,Active,CSTE_0512_ST_Animal_Cow_Plush,CSTE FLIPKART,1
,West Bengal,light_wand_dumbledore,Active,CSTE_0333_Wands_Dumbledore_Light,CSTE FLIPKART,1
,Uttar Pradesh,CJ- BEN 10 GIRLS-BOYS-WATCH-GREEN,Active,CSTE_O0055_OT_PrincessDigitalWatch_Blue,CSTE FLIPKART,1
,Kerala,CSTE_0543_ST_Animal_Breathing_Strawberry_Rabbit,Active,CSTE_0543_ST_Animal_Breathing_Strawberry_Rabbit,CSTE FLIPKART,1
,Karnataka,CSTE_0476_ST_Minecraft_Zombie_Black,Active,CSTE_0476_ST_Minecraft_Zombie_Black,CSTE FLIPKART,1
,Maharashtra,CSTE_0502_ST_Minecraft_Pickaxe_Foam,Active,CSTE_0502_ST_Minecraft_Pickaxe_Foam,CSTE FLIPKART,2
,West Bengal,MB_MB_A12BROWN_1,Active,CSTE_0204_MB_MHA12_Brown,GIANT LEAP FLIPKART,1
,Kerala,MB_YouAreSunshine_Blk,Active,CSTE_0059_MB_YouAreMySunshine_Black,GIANT LEAP FLIPKART,1
,Madhya Pradesh,MB_YouAreSunshine_Blk,Active,CSTE_0059_MB_YouAreMySunshine_Black,GIANT LEAP FLIPKART,1
,Tamil Nadu,Map_HP_Brown,Active,CSTE_0017_MB_HP_Brown,GIANT LEAP FLIPKART,1
,Gujarat,MB_Beatles_Black,Active,CSTE_0021_MB_Beatles_Black,GIANT LEAP FLIPKART,1
,Rajasthan,LAVIENROSE_BLACK,Active,CSTE_0044_MB_LaVienRose_Black,GIANT LEAP FLIPKART,1
,Odisha,Thug life sunglasses,Active,CSTE_0217_SG_ThugLife_Thin,GIANT LEAP FLIPKART,1
,Kerala,Red_Wings_SG,Active,CSTE_0240_SG_Wings_Red,GIANT LEAP FLIPKART,1
,Bihar,doll_orange_green,Active,CSTE_O0324_OT_Doll_White,GIANT LEAP FLIPKART,1
,Kerala,thug_thin,Active,CSTE_0217_SG_ThugLife_Thin,GIANT LEAP FLIPKART,1
,Arunachal Pradesh,goku action figure01,Active,CSTE_0442_CLT_AF_Goku_Big,RUDRAV MEESHO,1
,Delhi,CSTE_O0390_OT_Toiletry_Bottles,Active,CSTE_O0390_OT_Toiletry_Bottles,RUDRAV MEESHO,1
,Maharashtra,CSTE_O0390_OT_Toiletry_Bottles,Active,CSTE_O0390_OT_Toiletry_Bottles,RUDRAV MEESHO,1
,Punjab,CSTE_O0390_OT_Toiletry_Bottles,Active,CSTE_O0390_OT_Toiletry_Bottles,RUDRAV MEESHO,1
,Rajasthan,CSTE_O0390_OT_Toiletry_Bottles,Active,CSTE_O0390_OT_Toiletry_Bottles,RUDRAV MEESHO,1
,Uttar Pradesh,CSTE_O0390_OT_Toiletry_Bottles,Active,CSTE_O0390_OT_Toiletry_Bottles,RUDRAV MEESHO,1
,West Bengal,CSTE_O0390_OT_Toiletry_Bottles,Active,CSTE_O0390_OT_Toiletry_Bottles,RUDRAV MEESHO,1
,Karnataka,CSTE_O0390_OT_Toiletry_Bottles,Active,CSTE_O0390_OT_Toiletry_Bottles,RUDRAV MEESHO,1
,Gujarat,CSTE_O0390_OT_Toiletry_Bottles,Active,CSTE_O0390_OT_Toiletry_Bottles,RUDRAV MEESHO,1
,Haryana,CSTE_O0390_OT_Toiletry_Bottles,Active,CSTE_O0390_OT_Toiletry_Bottles,RUDRAV MEESHO,1
,Telangana,CSTE_O0390_OT_Toiletry_Bottles,Active,CSTE_O0390_OT_Toiletry_Bottles,RUDRAV MEESHO,1
,Bihar,CSTE_O0390_OT_Toiletry_Bottles,Active,CSTE_O0390_OT_Toiletry_Bottles,RUDRAV MEESHO,1
,Rajasthan,CSTE_0454_ST_Animal_Garfield_Orange,Active,CSTE_0454_ST_Animal_Garfield_Orange,RUDRAV MEESHO,1
,Tamil Nadu,CSTE_0417_Organizer_StorageBox_SkyBlue,Active,CSTE_0417_Organizer_StorageBox_SkyBlue,RUDRAV MEESHO,1
,Maharashtra,CSTE_0417_Organizer_StorageBox_SkyBlue,Active,CSTE_0417_Organizer_StorageBox_SkyBlue,RUDRAV MEESHO,1
,Delhi,SG_FireGlass_MercuryPink,Active,CSTE_0162_SG_FireGlass_MercuryPink,RUDRAV MEESHO,1
,Telangana,SG_FireGlass_Green,Active,CSTE_0157_SG_FireGlass_Green,RUDRAV MEESHO,1
,Madhya Pradesh,SG_FireGlass_Green,Active,CSTE_0157_SG_FireGlass_Green,RUDRAV MEESHO,1
,Maharashtra,Gengar,Active,CSTE_0463_ST_Pokemon_Gengar,RUDRAV MEESHO,1
,Tamil Nadu,SG_butterfly_Red&Green,Active,CSTE_0148_SG_ButterFly_RedGreen,RUDRAV MEESHO,1
,Kerala,SG_butterfly_Red&Green,Active,CSTE_0148_SG_ButterFly_RedGreen,RUDRAV MEESHO,1
,Gujarat,SG_butterfly_Red&Green,Active,CSTE_0148_SG_ButterFly_RedGreen,RUDRAV MEESHO,1
,Kerala,CSTE_0157_SG_FireGlass_Green,Active,CSTE_0157_SG_FireGlass_Green,RUDRAV MEESHO,1
,West Bengal,Goku Super Saiyyan Injured01,Active,CSTE_0447_CLT_AF_Goku_SSJ,RUDRAV MEESHO,1
,Assam,1951027540_9,Active,CSTE_0156_SG_FireGlass_Yellow,RUDRAV MEESHO,1
,Tamil Nadu,Dolphine bubble shooter gun for kids,Active,CSTE_O0120_OT_DolphinBubbleMachine,RUDRAV MEESHO,1
,Karnataka,MB_StarWars_|BLK,Active,CSTE_0054_MB_Starwar_Black,RUDRAV MEESHO,1
,Maharashtra,CSTE_O0445_OT_Glue_Sand_Rubber_Monkey,Active,CSTE_O0445_OT_Glue_Sand_Rubber_Monkey,RUDRAV MEESHO,1
,Chhattisgarh,Harry_wand,Active,CSTE_0294_OT_Harrypotter_new_wand,RUDRAV MEESHO,1
,Madhya Pradesh,Minecraft_Small_Sword_Steve,Active,Minecraft_Small_Sword_Steve,RUDRAV MEESHO,3
,Madhya Pradesh,Minecraft_Small_Sword_Steve,Active,,RUDRAV MEESHO,3
,Uttar Pradesh,CSTE_0205_MB_MHA10_Brown,Active,CSTE_0205_MB_MHA10_Brown,RUDRAV MEESHO,1
,Telangana,Titanic_Brown,Active,CSTE_0085_MB_Titanic_Brown,RUDRAV MEESHO,1
,Andhra Pradesh,586379476_16,Active,CSTE_0148_SG_ButterFly_RedGreen,RUDRAV MEESHO,1
,West Bengal,586379476_16,Active,CSTE_0148_SG_ButterFly_RedGreen,RUDRAV MEESHO,1
2025-02-01,TLCQ,CSTE_O0446_OT_Glue_Sand_Rubber_Pig,Active,CSTE_O0446_OT_Glue_Sand_Rubber_Pig,Amazon,1
2025-01-31,TLCQ,CSTE_O0446_OT_Glue_Sand_Rubber_Pig,Active,CSTE_O0446_OT_Glue_Sand_Rubber_Pig,Amazon,1
2025-01-28,TLCQ,CSTE_O0446_OT_Glue_Sand_Rubber_Pig,Active,CSTE_O0446_OT_Glue_Sand_Rubber_Pig,Amazon,1
2025-02-01,TLCQ,CSTE_0541_ST_Animal_Breathing_Fox,Active,CSTE_0541_ST_Animal_Breathing_Fox,Amazon,1
2025-01-31,TLCQ,CSTE_0541_ST_Animal_Breathing_Fox,Active,CSTE_0541_ST_Animal_Breathing_Fox,Amazon,1
2025-02-01,TLCQ,CSTE_O0442_OT_Squeeze_White,Active,CSTE_O0442_OT_Squeeze_White,Amazon,1
2025-02-01,TLCQ,CSTE_O0443_OT_Squeeze_Yellow,Active,CSTE_O0443_OT_Squeeze_Yellow,Amazon,1
2025-02-01,TLCQ,CSTE_O0444_OT_Squeeze_Purple,Active,CSTE_O0444_OT_Squeeze_Purple,Amazon,1
2025-01-31,TLCQ,CSTE_O0444_OT_Squeeze_Purple,Active,CSTE_O0444_OT_Squeeze_Purple,Amazon,1
2025-02-01,TLCQ,CSTE_0226_SG_Square/Big_Black,Active,CSTE_0226_SG_Square/Big_Black,Amazon,1
2025-02-01,TLCQ,Black_gold_arm_eyeglass,Active,CSTE_0226_SG_Square/Big_Black,Amazon,1
2025-02-01,TLCQ,"Caaju_Square Sunglasses (53) (For Men & Women, Black)",Active,CSTE_0226_SG_Square/Big_Black,Amazon,1
2025-02-01,TLCQ,CSTE_0536_ST_Animal_Breathing_lamb_White,Active,CSTE_0536_ST_Animal_Breathing_lamb_White,Amazon,1
2025-02-01,TLCQ,CSTE_0502_ST_Minecraft_Pickaxe_Foam,Active,CSTE_0502_ST_Minecraft_Pickaxe_Foam,Amazon,2
2025-01-31,TLCQ,CSTE_0502_ST_Minecraft_Pickaxe_Foam,Active,CSTE_0502_ST_Minecraft_Pickaxe_Foam,Amazon,2
2025-01-28,TLCQ,CSTE_0502_ST_Minecraft_Pickaxe_Foam,Active,CSTE_0502_ST_Minecraft_Pickaxe_Foam,Amazon,2
2025-02-01,TLCQ,CSTE_0491_ST_Fruit_Blox_Spirit,Active,CSTE_0491_ST_Fruit_Blox_Spirit,Amazon,1
2025-01-31,TLCQ,CSTE_0491_ST_Fruit_Blox_Spirit,Active,CSTE_0491_ST_Fruit_Blox_Spirit,Amazon,1
2025-01-28,TLCQ,CSTE_0491_ST_Fruit_Blox_Spirit,Active,CSTE_0491_ST_Fruit_Blox_Spirit,Amazon,1
2025-01-27,TLCQ,CSTE_0491_ST_Fruit_Blox_Spirit,Active,CSTE_0491_ST_Fruit_Blox_Spirit,Amazon,1
2025-02-01,TLCQ,CSTE_0490_ST_Fruit_Blox_Shadow,Active,CSTE_0490_ST_Fruit_Blox_Shadow,Amazon,1
2025-01-31,TLCQ,CSTE_0490_ST_Fruit_Blox_Shadow,Active,CSTE_0490_ST_Fruit_Blox_Shadow,Amazon,1
2025-01-30,TLCQ,CSTE_0490_ST_Fruit_Blox_Shadow,Active,CSTE_0490_ST_Fruit_Blox_Shadow,Amazon,1
2025-01-29,TLCQ,CSTE_0490_ST_Fruit_Blox_Shadow,Active,CSTE_0490_ST_Fruit_Blox_Shadow,Amazon,1
2025-01-28,TLCQ,CSTE_0490_ST_Fruit_Blox_Shadow,Active,CSTE_0490_ST_Fruit_Blox_Shadow,Amazon,1
2025-01-27,TLCQ,CSTE_0490_ST_Fruit_Blox_Shadow,Active,CSTE_0490_ST_Fruit_Blox_Shadow,Amazon,1
2025-02-01,BLR8,CSTE_0353_Wands_DumbleD_light_MB,Active,CSTE_0353_Wands_DumbleD_light_MB,Amazon,1
2025-01-31,BLR8,CSTE_0353_Wands_DumbleD_light_MB,Active,CSTE_0353_Wands_DumbleD_light_MB,Amazon,1
2025-01-28,TLCQ,CSTE_0353_Wands_DumbleD_light_MB,Active,CSTE_0353_Wands_DumbleD_light_MB,Amazon,1
2025-02-01,TLCQ,CSTE_0330_Wands_Harrypotter_Light,Active,CSTE_0330_Wands_Harrypotter_Light,Amazon,1
2025-02-01,TLCQ,Harrypotter_light_wand,Active,CSTE_0330_Wands_Harrypotter_Light,Amazon,1
2025-02-01,TLCQ,Light_wand_harrypotter,Active,CSTE_0330_Wands_Harrypotter_Light,Amazon,1
2025-02-01,TLCQ,lightwand_harrypotter,Active,CSTE_0330_Wands_Harrypotter_Light,Amazon,1
2025-02-01,TLCQ,harrypotter_wand_light,Active,CSTE_0330_Wands_Harrypotter_Light,Amazon,1
2025-01-31,TLCQ,CSTE_0330_Wands_Harrypotter_Light,Active,CSTE_0330_Wands_Harrypotter_Light,Amazon,1
2025-01-31,TLCQ,Harrypotter_light_wand,Active,CSTE_0330_Wands_Harrypotter_Light,Amazon,1
2025-01-31,TLCQ,Light_wand_harrypotter,Active,CSTE_0330_Wands_Harrypotter_Light,Amazon,1
2025-01-31,TLCQ,lightwand_harrypotter,Active,CSTE_0330_Wands_Harrypotter_Light,Amazon,1
2025-01-31,TLCQ,harrypotter_wand_light,Active,CSTE_0330_Wands_Harrypotter_Light,Amazon,1
2025-01-30,TLCQ,CSTE_0330_Wands_Harrypotter_Light,Active,CSTE_0330_Wands_Harrypotter_Light,Amazon,1
2025-01-30,TLCQ,Harrypotter_light_wand,Active,CSTE_0330_Wands_Harrypotter_Light,Amazon,1
2025-01-30,TLCQ,Light_wand_harrypotter,Active,CSTE_0330_Wands_Harrypotter_Light,Amazon,1
2025-01-30,TLCQ,lightwand_harrypotter,Active,CSTE_0330_Wands_Harrypotter_Light,Amazon,1
2025-01-30,TLCQ,harrypotter_wand_light,Active,CSTE_0330_Wands_Harrypotter_Light,Amazon,1
2025-01-29,TLCQ,CSTE_0330_Wands_Harrypotter_Light,Active,CSTE_0330_Wands_Harrypotter_Light,Amazon,1
2025-01-29,TLCQ,Harrypotter_light_wand,Active,CSTE_0330_Wands_Harrypotter_Light,Amazon,1
2025-01-29,TLCQ,Light_wand_harrypotter,Active,CSTE_0330_Wands_Harrypotter_Light,Amazon,1
2025-01-29,TLCQ,lightwand_harrypotter,Active,CSTE_0330_Wands_Harrypotter_Light,Amazon,1
2025-01-29,TLCQ,harrypotter_wand_light,Active,CSTE_0330_Wands_Harrypotter_Light,Amazon,1
2025-01-28,TLCQ,CSTE_0330_Wands_Harrypotter_Light,Active,CSTE_0330_Wands_Harrypotter_Light,Amazon,1
2025-01-28,TLCQ,Harrypotter_light_wand,Active,CSTE_0330_Wands_Harrypotter_Light,Amazon,1
2025-01-28,TLCQ,Light_wand_harrypotter,Active,CSTE_0330_Wands_Harrypotter_Light,Amazon,1
2025-01-28,TLCQ,lightwand_harrypotter,Active,CSTE_0330_Wands_Harrypotter_Light,Amazon,1
2025-01-28,TLCQ,harrypotter_wand_light,Active,CSTE_0330_Wands_Harrypotter_Light,Amazon,1
2025-01-27,TLCQ,CSTE_0330_Wands_Harrypotter_Light,Active,CSTE_0330_Wands_Harrypotter_Light,Amazon,1
2025-01-27,TLCQ,Harrypotter_light_wand,Active,CSTE_0330_Wands_Harrypotter_Light,Amazon,1
2025-01-27,TLCQ,Light_wand_harrypotter,Active,CSTE_0330_Wands_Harrypotter_Light,Amazon,1
2025-01-27,TLCQ,lightwand_harrypotter,Active,CSTE_0330_Wands_Harrypotter_Light,Amazon,1
2025-01-27,TLCQ,harrypotter_wand_light,Active,CSTE_0330_Wands_Harrypotter_Light,Amazon,1
2025-02-01,TLCQ,dumbledore_wand_light,Active,CSTE_0333_Wands_Dumbledore_Light,Amazon,1
2025-02-01,TLCQ,CSTE_0333_Wands_Dumbledore_Light,Active,CSTE_0333_Wands_Dumbledore_Light,Amazon,1
2025-02-01,TLCQ,light_wand_dumbledore,Active,CSTE_0333_Wands_Dumbledore_Light,Amazon,1
2025-02-01,TLCQ,lightwand_dumbledore,Active,CSTE_0333_Wands_Dumbledore_Light,Amazon,1
2025-02-01,TLCQ,dumbledore_light_wand,Active,CSTE_0333_Wands_Dumbledore_Light,Amazon,1
2025-01-30,TLCQ,dumbledore_wand_light,Active,CSTE_0333_Wands_Dumbledore_Light,Amazon,1
2025-01-30,TLCQ,CSTE_0333_Wands_Dumbledore_Light,Active,CSTE_0333_Wands_Dumbledore_Light,Amazon,1
2025-01-30,TLCQ,light_wand_dumbledore,Active,CSTE_0333_Wands_Dumbledore_Light,Amazon,1
2025-01-30,TLCQ,lightwand_dumbledore,Active,CSTE_0333_Wands_Dumbledore_Light,Amazon,1
2025-01-30,TLCQ,dumbledore_light_wand,Active,CSTE_0333_Wands_Dumbledore_Light,Amazon,1
2025-01-28,TLCQ,dumbledore_wand_light,Active,CSTE_0333_Wands_Dumbledore_Light,Amazon,1
2025-01-28,TLCQ,CSTE_0333_Wands_Dumbledore_Light,Active,CSTE_0333_Wands_Dumbledore_Light,Amazon,1
2025-01-28,TLCQ,light_wand_dumbledore,Active,CSTE_0333_Wands_Dumbledore_Light,Amazon,1
2025-01-28,TLCQ,lightwand_dumbledore,Active,CSTE_0333_Wands_Dumbledore_Light,Amazon,1
2025-01-28,TLCQ,dumbledore_light_wand,Active,CSTE_0333_Wands_Dumbledore_Light,Amazon,1
2025-01-27,TLCQ,dumbledore_wand_light,Active,CSTE_0333_Wands_Dumbledore_Light,Amazon,1
2025-01-27,TLCQ,CSTE_0333_Wands_Dumbledore_Light,Active,CSTE_0333_Wands_Dumbledore_Light,Amazon,1
2025-01-27,TLCQ,light_wand_dumbledore,Active,CSTE_0333_Wands_Dumbledore_Light,Amazon,1
2025-01-27,TLCQ,lightwand_dumbledore,Active,CSTE_0333_Wands_Dumbledore_Light,Amazon,1
2025-01-27,TLCQ,dumbledore_light_wand,Active,CSTE_0333_Wands_Dumbledore_Light,Amazon,1
2025-02-01,TLCQ,CSTE_0293_OT_Voldemort_wand,Active,CSTE_0293_OT_Voldemort_wand,Amazon,1
2025-02-01,TLCQ,Lord Voldemort_wand,Active,CSTE_0293_OT_Voldemort_wand,Amazon,1
2025-02-01,TLCQ,Voldemort_wand,Active,CSTE_0293_OT_Voldemort_wand,Amazon,1
2025-01-28,TLCQ,CSTE_0293_OT_Voldemort_wand,Active,CSTE_0293_OT_Voldemort_wand,Amazon,1
2025-01-28,TLCQ,Lord Voldemort_wand,Active,CSTE_0293_OT_Voldemort_wand,Amazon,1
2025-01-28,TLCQ,Voldemort_wand,Active,CSTE_0293_OT_Voldemort_wand,Amazon,1
2025-02-01,TLCQ,hermoine_map,Active,CSTE_0291_OT_Hermoine_wand,Amazon,1
2025-02-01,TLCQ,CSTE_0291_OT_Hermoine_wand,Active,CSTE_0291_OT_Hermoine_wand,Amazon,1
2025-02-01,TLCQ,Harr_y Potter Hermoine wa_nds,Active,CSTE_0291_OT_Hermoine_wand,Amazon,1
2025-02-01,TLCQ,Hermione_wand,Active,CSTE_0291_OT_Hermoine_wand,Amazon,1
2025-02-01,TLCQ,Hermoine_wand,Active,CSTE_0291_OT_Hermoine_wand,Amazon,1
2025-02-01,CCX1,hermoine_map,Active,CSTE_0291_OT_Hermoine_wand,Amazon,1
2025-02-01,CCX1,CSTE_0291_OT_Hermoine_wand,Active,CSTE_0291_OT_Hermoine_wand,Amazon,1
2025-02-01,CCX1,Harr_y Potter Hermoine wa_nds,Active,CSTE_0291_OT_Hermoine_wand,Amazon,1
2025-02-01,CCX1,Hermione_wand,Active,CSTE_0291_OT_Hermoine_wand,Amazon,1
2025-02-01,CCX1,Hermoine_wand,Active,CSTE_0291_OT_Hermoine_wand,Amazon,1
2025-01-31,TLCQ,hermoine_map,Active,CSTE_0291_OT_Hermoine_wand,Amazon,1
2025-01-31,TLCQ,CSTE_0291_OT_Hermoine_wand,Active,CSTE_0291_OT_Hermoine_wand,Amazon,1
2025-01-31,TLCQ,Harr_y Potter Hermoine wa_nds,Active,CSTE_0291_OT_Hermoine_wand,Amazon,1
2025-01-31,TLCQ,Hermione_wand,Active,CSTE_0291_OT_Hermoine_wand,Amazon,1
2025-01-31,TLCQ,Hermoine_wand,Active,CSTE_0291_OT_Hermoine_wand,Amazon,1
2025-01-31,CCX1,hermoine_map,Active,CSTE_0291_OT_Hermoine_wand,Amazon,1
2025-01-31,CCX1,CSTE_0291_OT_Hermoine_wand,Active,CSTE_0291_OT_Hermoine_wand,Amazon,1
2025-01-31,CCX1,Harr_y Potter Hermoine wa_nds,Active,CSTE_0291_OT_Hermoine_wand,Amazon,1
2025-01-31,CCX1,Hermione_wand,Active,CSTE_0291_OT_Hermoine_wand,Amazon,1
2025-01-31,CCX1,Hermoine_wand,Active,CSTE_0291_OT_Hermoine_wand,Amazon,1
2025-01-30,TLCQ,hermoine_map,Active,CSTE_0291_OT_Hermoine_wand,Amazon,1
2025-01-30,TLCQ,CSTE_0291_OT_Hermoine_wand,Active,CSTE_0291_OT_Hermoine_wand,Amazon,1
2025-01-30,TLCQ,Harr_y Potter Hermoine wa_nds,Active,CSTE_0291_OT_Hermoine_wand,Amazon,1
2025-01-30,TLCQ,Hermione_wand,Active,CSTE_0291_OT_Hermoine_wand,Amazon,1
2025-01-30,TLCQ,Hermoine_wand,Active,CSTE_0291_OT_Hermoine_wand,Amazon,1
2025-01-27,PNQ2,hermoine_map,Active,CSTE_0291_OT_Hermoine_wand,Amazon,1
2025-01-27,PNQ2,CSTE_0291_OT_Hermoine_wand,Active,CSTE_0291_OT_Hermoine_wand,Amazon,1
2025-01-27,PNQ2,Harr_y Potter Hermoine wa_nds,Active,CSTE_0291_OT_Hermoine_wand,Amazon,1
2025-01-27,PNQ2,Hermione_wand,Active,CSTE_0291_OT_Hermoine_wand,Amazon,1
2025-01-27,PNQ2,Hermoine_wand,Active,CSTE_0291_OT_Hermoine_wand,Amazon,1
2025-02-01,CCX1,CSTE_0295_OT_Snape_wand,Active,CSTE_0295_OT_Snape_wand,Amazon,1
2025-02-01,CCX1,Snape Wand,Active,CSTE_0295_OT_Snape_wand,Amazon,1
2025-02-01,CCX1,Snape_Wand,Active,CSTE_0295_OT_Snape_wand,Amazon,1
2025-02-01,CCX1,Sanpe_Wand,Active,CSTE_0295_OT_Snape_wand,Amazon,1
2025-02-01,CCX1,Snape_Wand_BLK,Active,CSTE_0295_OT_Snape_wand,Amazon,1
2025-02-01,CCX1,Fusked Harry Potter Snape Wand for Kids Cosplay New Designed Magical Wand for Kids (Black),Active,CSTE_0295_OT_Snape_wand,Amazon,1
2025-01-31,TLCQ,CSTE_0295_OT_Snape_wand,Active,CSTE_0295_OT_Snape_wand,Amazon,1
2025-01-31,TLCQ,Snape Wand,Active,CSTE_0295_OT_Snape_wand,Amazon,1
2025-01-31,TLCQ,Snape_Wand,Active,CSTE_0295_OT_Snape_wand,Amazon,1
2025-01-31,TLCQ,Sanpe_Wand,Active,CSTE_0295_OT_Snape_wand,Amazon,1
2025-01-31,TLCQ,Snape_Wand_BLK,Active,CSTE_0295_OT_Snape_wand,Amazon,1
2025-01-31,TLCQ,Fusked Harry Potter Snape Wand for Kids Cosplay New Designed Magical Wand for Kids (Black),Active,CSTE_0295_OT_Snape_wand,Amazon,1
2025-01-30,TLCQ,CSTE_0295_OT_Snape_wand,Active,CSTE_0295_OT_Snape_wand,Amazon,1
2025-01-30,TLCQ,Snape Wand,Active,CSTE_0295_OT_Snape_wand,Amazon,1
2025-01-30,TLCQ,Snape_Wand,Active,CSTE_0295_OT_Snape_wand,Amazon,1
2025-01-30,TLCQ,Sanpe_Wand,Active,CSTE_0295_OT_Snape_wand,Amazon,1
2025-01-30,TLCQ,Snape_Wand_BLK,Active,CSTE_0295_OT_Snape_wand,Amazon,1
2025-01-30,TLCQ,Fusked Harry Potter Snape Wand for Kids Cosplay New Designed Magical Wand for Kids (Black),Active,CSTE_0295_OT_Snape_wand,Amazon,1
2025-01-28,TLCQ,CSTE_0295_OT_Snape_wand,Active,CSTE_0295_OT_Snape_wand,Amazon,1
2025-01-28,TLCQ,Snape Wand,Active,CSTE_0295_OT_Snape_wand,Amazon,1
2025-01-28,TLCQ,Snape_Wand,Active,CSTE_0295_OT_Snape_wand,Amazon,1
2025-01-28,TLCQ,Sanpe_Wand,Active,CSTE_0295_OT_Snape_wand,Amazon,1
2025-01-28,TLCQ,Snape_Wand_BLK,Active,CSTE_0295_OT_Snape_wand,Amazon,1
2025-01-28,TLCQ,Fusked Harry Potter Snape Wand for Kids Cosplay New Designed Magical Wand for Kids (Black),Active,CSTE_0295_OT_Snape_wand,Amazon,1
2025-01-28,PNQ2,CSTE_0295_OT_Snape_wand,Active,CSTE_0295_OT_Snape_wand,Amazon,1
2025-01-28,PNQ2,Snape Wand,Active,CSTE_0295_OT_Snape_wand,Amazon,1
2025-01-28,PNQ2,Snape_Wand,Active,CSTE_0295_OT_Snape_wand,Amazon,1
2025-01-28,PNQ2,Sanpe_Wand,Active,CSTE_0295_OT_Snape_wand,Amazon,1
2025-01-28,PNQ2,Snape_Wand_BLK,Active,CSTE_0295_OT_Snape_wand,Amazon,1
2025-01-28,PNQ2,Fusked Harry Potter Snape Wand for Kids Cosplay New Designed Magical Wand for Kids (Black),Active,CSTE_0295_OT_Snape_wand,Amazon,1
2025-02-01,TLCQ,Wands_Lord Voldmort_Sunglasas,Active,CSTE_0343_Wands_Lord Voldmort_Sunglasas,Amazon,1
2025-01-30,TLCQ,Wands_Lord Voldmort_Sunglasas,Active,CSTE_0343_Wands_Lord Voldmort_Sunglasas,Amazon,1
2025-01-28,TLCQ,Wands_Lord Voldmort_Sunglasas,Active,CSTE_0343_Wands_Lord Voldmort_Sunglasas,Amazon,1
2025-01-31,TLCQ,Minecraft_Small_Sword_Steve,Active,Minecraft_Small_Sword_Steve,Amazon,3
2025-01-31,TLCQ,CSTE_0480_ST_Minecraft_TNT_Block,Active,CSTE_0480_ST_Minecraft_TNT_Block,Amazon,1
2025-01-31,TLCQ,CSTE_0485_ST_Animal_Kawaii_Penguin,Active,CSTE_0485_ST_Animal_Kawaii_Penguin,Amazon,1
2025-01-31,TLCQ,CSTE_0477_ST_Minecraft_Spider_Blue,Active,CSTE_0477_ST_Minecraft_Spider_Blue,Amazon,1
2025-01-31,TLCQ,CSTE_0478_ST_Minecraft_Cow_Brown,Active,CSTE_0478_ST_Minecraft_Cow_Brown,Amazon,1
2025-01-31,TLCQ,Charmendhar,Inactive,CSTE_0433_ST_Pokemon_Charmander_Red,Amazon,1
2025-01-31,TLCQ,Charmandhar,Inactive,CSTE_0433_ST_Pokemon_Charmander_Red,Amazon,1
2025-01-31,TLCQ,CSTE_0433_ST_Pokemon_Charmander_Red,Active,CSTE_0433_ST_Pokemon_Charmander_Red,Amazon,1
2025-01-31,TLCQ,Charmander,Active,CSTE_0433_ST_Pokemon_Charmander_Red,Amazon,1
2025-01-31,TLCQ,Charmendar,Active,CSTE_0433_ST_Pokemon_Charmander_Red,Amazon,1
2025-01-31,BOM7,Axolotl_blues_soft,Active,CSTE_0322_ST_Axolotl_Blue,Amazon,1
2025-01-31,BOM7,CSTE_0322_ST_Axolotl_Blue,Active,CSTE_0322_ST_Axolotl_Blue,Amazon,1
2025-01-31,BOM7,axolotl_blue_map,Active,CSTE_0322_ST_Axolotl_Blue,Amazon,1
2025-01-31,BOM7,lulezon_kawaliblue,Active,CSTE_0322_ST_Axolotl_Blue,Amazon,1
2025-01-31,BOM7,blues_LuLezon,Active,CSTE_0322_ST_Axolotl_Blue,Amazon,1
2025-01-31,BOM7,LuLezon_softtoy,Active,CSTE_0322_ST_Axolotl_Blue,Amazon,1
2025-01-30,BOM7,Axolotl_blues_soft,Active,CSTE_0322_ST_Axolotl_Blue,Amazon,1
2025-01-30,BOM7,CSTE_0322_ST_Axolotl_Blue,Active,CSTE_0322_ST_Axolotl_Blue,Amazon,1
2025-01-30,BOM7,axolotl_blue_map,Active,CSTE_0322_ST_Axolotl_Blue,Amazon,1
2025-01-30,BOM7,lulezon_kawaliblue,Active,CSTE_0322_ST_Axolotl_Blue,Amazon,1
2025-01-30,BOM7,blues_LuLezon,Active,CSTE_0322_ST_Axolotl_Blue,Amazon,1
2025-01-30,BOM7,LuLezon_softtoy,Active,CSTE_0322_ST_Axolotl_Blue,Amazon,1
2025-01-27,BOM7,Axolotl_blues_soft,Active,CSTE_0322_ST_Axolotl_Blue,Amazon,1
2025-01-27,BOM7,CSTE_0322_ST_Axolotl_Blue,Active,CSTE_0322_ST_Axolotl_Blue,Amazon,1
2025-01-27,BOM7,axolotl_blue_map,Active,CSTE_0322_ST_Axolotl_Blue,Amazon,1
2025-01-27,BOM7,lulezon_kawaliblue,Active,CSTE_0322_ST_Axolotl_Blue,Amazon,1
2025-01-27,BOM7,blues_LuLezon,Active,CSTE_0322_ST_Axolotl_Blue,Amazon,1
2025-01-27,BOM7,LuLezon_softtoy,Active,CSTE_0322_ST_Axolotl_Blue,Amazon,1
2025-01-26,BOM7,Axolotl_blues_soft,Active,CSTE_0322_ST_Axolotl_Blue,Amazon,1
2025-01-26,BOM7,CSTE_0322_ST_Axolotl_Blue,Active,CSTE_0322_ST_Axolotl_Blue,Amazon,1
2025-01-26,BOM7,axolotl_blue_map,Active,CSTE_0322_ST_Axolotl_Blue,Amazon,1
2025-01-26,BOM7,lulezon_kawaliblue,Active,CSTE_0322_ST_Axolotl_Blue,Amazon,1
2025-01-26,BOM7,blues_LuLezon,Active,CSTE_0322_ST_Axolotl_Blue,Amazon,1
2025-01-26,BOM7,LuLezon_softtoy,Active,CSTE_0322_ST_Axolotl_Blue,Amazon,1
2025-01-31,TLCQ,CSTE_0306_MB_Sabrina_8Notes_Brown,Active,CSTE_0306_MB_Sabrina_8Notes_Brown,Amazon,1
2025-01-31,TLCQ,sabrina_8notes_brown,Active,CSTE_0306_MB_Sabrina_8Notes_Brown,Amazon,1
2025-01-31,TLCQ,sabrina_8note_kalimba,Active,CSTE_0306_MB_Sabrina_8Notes_Brown,Amazon,1
2025-01-31,TLCQ,sabrina_8notes,Active,CSTE_0306_MB_Sabrina_8Notes_Brown,Amazon,1
2025-01-31,TLCQ,8note_sabrina,Active,CSTE_0306_MB_Sabrina_8Notes_Brown,Amazon,1
2025-01-30,TLCQ,CSTE_0489_ST_Fruit_Blox_Light,Active,CSTE_0489_ST_Fruit_Blox_Light,Amazon,1
2025-01-29,TLCQ,CSTE_0489_ST_Fruit_Blox_Light,Active,CSTE_0489_ST_Fruit_Blox_Light,Amazon,1
2025-01-28,TLCQ,CSTE_0489_ST_Fruit_Blox_Light,Active,CSTE_0489_ST_Fruit_Blox_Light,Amazon,1
2025-01-30,TLCQ,CSTE_0482_ST_Animal_Kitty_Kuromi_Black,Active,CSTE_0482_ST_Animal_Kitty_Kuromi_Black,Amazon,1
2025-01-29,TLCQ,CSTE_0482_ST_Animal_Kitty_Kuromi_Black,Active,CSTE_0482_ST_Animal_Kitty_Kuromi_Black,Amazon,1
2025-01-28,TLCQ,CSTE_0482_ST_Animal_Kitty_Kuromi_Black,Active,CSTE_0482_ST_Animal_Kitty_Kuromi_Black,Amazon,1
2025-01-30,TLCQ,CSTE_O0395_OT_SG_Case_BunnyPink,Active,CSTE_O0395_OT_SG_Case_BunnyPink,Amazon,1
2025-01-29,TLCQ,CSTE_O0395_OT_SG_Case_BunnyPink,Active,CSTE_O0395_OT_SG_Case_BunnyPink,Amazon,1
2025-01-29,TLCQ,CSTE_0544_ST_Animal_Breathing_Sloth_Grey,Active,CSTE_0544_ST_Animal_Breathing_Sloth_Grey,Amazon,1
2025-01-28,TLCQ,CSTE_O0445_OT_Glue_Sand_Rubber_Monkey,Active,CSTE_O0445_OT_Glue_Sand_Rubber_Monkey,Amazon,1
2025-01-28,TLCQ,CSTE_0533_ST_Animal_Breathing_koala_Grey,Active,CSTE_0533_ST_Animal_Breathing_koala_Grey,Amazon,1
2025-01-28,TLCQ,CSTE_0519_ST_Animal_Sitting_Duck_Flower,Active,CSTE_0519_ST_Animal_Sitting_Duck_Flower,Amazon,1
2025-01-28,BLR8,CSTE_0301_MB_Mahogany_21Notes_Brown,Active,CSTE_0301_MB_Mahogany_21Notes_Brown,Amazon,1
2025-01-28,BLR8,kalimba_darkbrown_21notes,Active,CSTE_0301_MB_Mahogany_21Notes_Brown,Amazon,1
2025-01-28,BLR8,mahogany_21notes_kalimba,Active,CSTE_0301_MB_Mahogany_21Notes_Brown,Amazon,1
2025-01-28,BLR8,21notes_mahogany_darkbrown,Active,CSTE_0301_MB_Mahogany_21Notes_Brown,Amazon,1
2025-01-28,BLR8,darkbrown_21notes_mahogany,Active,CSTE_0301_MB_Mahogany_21Notes_Brown,Amazon,1
2025-01-28,TLCQ,black_butterflyglass,Active,CSTE_0213_SG_ButterFly_Black,Amazon,1
2025-01-28,TLCQ,BUTTERFLY_BLACK,Active,CSTE_0213_SG_ButterFly_Black,Amazon,1
2025-01-28,TLCQ,black _butterfly,Inactive,CSTE_0213_SG_ButterFly_Black,Amazon,1
2025-01-28,TLCQ,CSTE_0213_SG_ButterFly_Black,Active,CSTE_0213_SG_ButterFly_Black,Amazon,1
2025-01-28,TLCQ,SUNGLAS_fba,Active,CSTE_0213_SG_ButterFly_Black,Amazon,1
2025-01-28,TLCQ,Butterfly_black_SG,Active,CSTE_0213_SG_ButterFly_Black,Amazon,1
2025-01-28,TLCQ,blk_butterfly_sg,Active,CSTE_0213_SG_ButterFly_Black,Amazon,1
2025-01-27,TLCQ,black_butterflyglass,Active,CSTE_0213_SG_ButterFly_Black,Amazon,1
2025-01-27,TLCQ,BUTTERFLY_BLACK,Active,CSTE_0213_SG_ButterFly_Black,Amazon,1
2025-01-27,TLCQ,black _butterfly,Inactive,CSTE_0213_SG_ButterFly_Black,Amazon,1
2025-01-27,TLCQ,CSTE_0213_SG_ButterFly_Black,Active,CSTE_0213_SG_ButterFly_Black,Amazon,1
2025-01-27,TLCQ,SUNGLAS_fba,Active,CSTE_0213_SG_ButterFly_Black,Amazon,1
2025-01-27,TLCQ,Butterfly_black_SG,Active,CSTE_0213_SG_ButterFly_Black,Amazon,1
2025-01-27,TLCQ,blk_butterfly_sg,Active,CSTE_0213_SG_ButterFly_Black,Amazon,1
2025-01-27,TLCQ,CSTE_0341_Wands_Hermoine_Sunglasas,Active,CSTE_0341_Wands_Hermoine_Sunglasas,Amazon,1
2025-01-27,TLCQ,Wands_hermoine_sunglass,Active,CSTE_0341_Wands_Hermoine_Sunglasas,Amazon,1
2025-01-27,TLCQ,hermoine_sunglass_wand,Active,CSTE_0341_Wands_Hermoine_Sunglasas,Amazon,1
2025-01-27,PNQ2,CSTE_0345_Wands_Snape_Sunglasas,Active,CSTE_0345_Wands_Snape_Sunglasas,Amazon,1
2025-01-27,PNQ2,Wands_Snape_Sunglass,Active,CSTE_0345_Wands_Snape_Sunglasas,Amazon,1
2025-01-27,PNQ2,Snape_Sunglass_wand,Active,CSTE_0345_Wands_Snape_Sunglasas,Amazon,1
2025-01-27,TLCQ,Twinkletwinklesoundbox,Inactive,twinkle_FBA,Amazon,1
,Karnataka,CSTE_0546_ST_Animal_Lucifer_Cat_Black,,CSTE_0546_ST_Animal_Lucifer_Cat_Black,CSTE FLIPKART,1
,Delhi,Dumbledore_wand_musicbox,Combo,CSTE_0292_OT_Dumbledore_wand,CSTE FLIPKART,3
,Uttar Pradesh,Dumbledore_wand_musicbox,Combo,CSTE_0292_OT_Dumbledore_wand,CSTE FLIPKART,3
,Maharashtra,Dumbledore_wand_musicbox,Combo,CSTE_0292_OT_Dumbledore_wand,CSTE FLIPKART,3
,Karnataka,Dumbledore_sunglass_wand,Combo,CSTE_0292_OT_Dumbledore_wand,CSTE FLIPKART,3
,Madhya Pradesh,CSTE_0355_Wands_HP_light_Sg,Combo,CSTE_0330_Wands_Harrypotter_Light,CSTE FLIPKART,3
,Maharashtra,CSTE_0502_ST_Minecraft_Pickaxe_Foam,Combo,CSTE_0502_ST_Minecraft_Pickaxe_Foam,CSTE FLIPKART,2
,Maharashtra,CSTE_O0445_OT_Glue_Sand_Rubber_Monkey,,CSTE_O0445_OT_Glue_Sand_Rubber_Monkey,RUDRAV MEESHO,1
,Madhya Pradesh,Minecraft_Small_Sword_Steve,Combo,CSTE_0470_ST_Minecraft_Sword_Small,RUDRAV MEESHO,3
,Delhi,Dumbledore_wand_musicbox,Combo,CSTE_0020_MB_HP_Black,CSTE FLIPKART,3
,Uttar Pradesh,Dumbledore_wand_musicbox,Combo,CSTE_0020_MB_HP_Black,CSTE FLIPKART,3
,Maharashtra,Dumbledore_wand_musicbox,Combo,CSTE_0020_MB_HP_Black,CSTE FLIPKART,3
,Karnataka,Dumbledore_sunglass_wand,Combo,CSTE_0319_SG_HarryPotter_Round,CSTE FLIPKART,3
,Madhya Pradesh,CSTE_0355_Wands_HP_light_Sg,Combo,CSTE_0319_SG_HarryPotter_Round,CSTE FLIPKART,3
,Maharashtra,CSTE_0502_ST_Minecraft_Pickaxe_Foam,Combo,CSTE_0471_ST_Minecraft_Sword_Big,CSTE FLIPKART,2
,Madhya Pradesh,Minecraft_Small_Sword_Steve,Combo,CSTE_0418_ST_MineCraft_Steve,RUDRAV MEESHO,3
